44,6,0.00031550581357255817,cece3354-493c-461d-b74e-4eba02fcde6b,/content/gdrive/MyDrive/ME Project/New idea/Results/Experiment 1/Normal loss/cece3354-493c-461d-b74e-4eba02fcde6b/Models/6,4.758681825478561e-05,1,1.6354082617908716e-05,1,1,5000000,8.131760114338249e-05,0.09726083950617284,0,0.11112486571073532,0.008677587301587303,0,0.0017069332534447312,0,0,0,0.13719689594356263,0.05465136095881462,0.20185793936252594,0.008576451499118167,0.0023188579361885786,0.00410639401525259,0,0,0,0.18718831746031747,0.6575118899345398,0.5407832860946655,0.009270405643738976,0.011578109115362167,0.015469549223780632,0,0,0,0.0959294532627866,0.5847575068473816,0.18639536201953888,0.008653206349206348,0.0036754512693732977,0.0048842704854905605,0,0,0
82,2,4.205320394830163e-05,dfd6dd7e-a034-4ffa-86e6-b9761b906e16,/content/gdrive/MyDrive/ME Project/New idea/Results/Experiment 1/Heatmap loss/dfd6dd7e-a034-4ffa-86e6-b9761b906e16/Models/2,NaN,0.25,NaN,0.25,0.25,5000000,NaN,0.09726083950617284,NaN,NaN,0.008677587301587303,NaN,NaN,0,NaN,NaN,0.13719689594356263,NaN,NaN,0.008576451499118167,NaN,NaN,0,NaN,NaN,0.18718831746031747,NaN,NaN,0.009270405643738976,NaN,NaN,0,NaN,NaN,0.0959294532627866,NaN,NaN,0.008653206349206348,NaN,NaN,0,NaN,NaN
45,2,0.001,cece3354-493c-461d-b74e-4eba02fcde6b,/content/gdrive/MyDrive/ME Project/New idea/Results/Experiment 1/Normal loss/cece3354-493c-461d-b74e-4eba02fcde6b/Models/2,5.7130739151034504e-05,1,8.4764951679972e-06,1,0.9998999834060669,5000000,0.00023560439876746386,0.09726083950617284,0.002538156695663929,0.03979536518454552,0.008677587301587303,0.013528321869671345,0.0017446697456762195,0,0,0,0.13719689594356263,0.13335025310516357,0.19360864162445068,0.008576451499118167,0.007103810086846352,0.0049623460508883,0,0,0,0.18718831746031747,0.7169750928878784,0.565037727355957,0.009270405643738976,0.006234894972294569,0.01300391647964716,0,0,0,0.0959294532627866,0.41642993688583374,0.13926181197166443,0.008653206349206348,0.004858492407947779,0.003682343987748027,0,0,0
143,2,5e-05,a6a13b3e-c607-4d16-b205-c659f2ac96d8,/content/gdrive/MyDrive/ME Project/New idea/Results/Experiment 1/Heatmap loss/a6a13b3e-c607-4d16-b205-c659f2ac96d8/Models/2,NaN,0.25,NaN,0.25,0.25,5000000,NaN,0.09726083950617284,NaN,NaN,0.008677587301587303,NaN,NaN,0,NaN,NaN,0.13719689594356263,NaN,NaN,0.008576451499118167,NaN,NaN,0,NaN,NaN,0.18718831746031747,NaN,NaN,0.009270405643738976,NaN,NaN,0,NaN,NaN,0.0959294532627866,NaN,NaN,0.008653206349206348,NaN,NaN,0,NaN,NaN
46,4,0.00011972455727313552,cece3354-493c-461d-b74e-4eba02fcde6b,/content/gdrive/MyDrive/ME Project/New idea/Results/Experiment 1/Normal loss/cece3354-493c-461d-b74e-4eba02fcde6b/Models/4,0.0001082821108866483,1,1.9454162611509673e-05,1,1,5000000,5.595040784101002e-05,0.09726083950617284,NaN,0.10290590673685074,0.008677587301587303,NaN,0.004662223160266876,0,NaN,0,0.13719689594356263,0.24436575174331665,0.21999062597751617,0.008576451499118167,0.005419317167252302,0.004286667797714472,0,0,0,0.18718831746031747,0.5992427468299866,0.5549397468566895,0.009270405643738976,0.013125515542924404,0.013762758113443851,0,0,0,0.0959294532627866,0.5824694633483887,0.222602978348732,0.008653206349206348,0.008220969699323177,0.00730709545314312,0,0,0
47,1,4.5171914193409706e-05,cece3354-493c-461d-b74e-4eba02fcde6b,/content/gdrive/MyDrive/ME Project/New idea/Results/Experiment 1/Normal loss/cece3354-493c-461d-b74e-4eba02fcde6b/Models/1,0.00027051722281612456,1,0.00024366762954741716,1,0.9998999834060669,5000000,0.0003531471884343773,0.09726083950617284,NaN,0.07041650265455246,0.008677587301587303,NaN,0.0022697066888213158,0,NaN,0,0.13719689594356263,0.19772881269454956,0.19539162516593933,0.008576451499118167,0.0029959173407405615,0.004540917929261923,0,0,0,0.18718831746031747,0.7704748511314392,0.6112847924232483,0.009270405643738976,0.007313911337405443,0.016794977709650993,0,0,0,0.0959294532627866,0.6498456597328186,0.2355595976114273,0.008653206349206348,0.0033224134240299463,0.008418221026659012,0,0,0
107,0,1.134585274760353e-05,fa8b7f50-8ccb-4404-ac9f-ac8a39ee6b56,/content/gdrive/MyDrive/ME Project/New idea/Results/Experiment 2/Heatmap loss/fa8b7f50-8ccb-4404-ac9f-ac8a39ee6b56/Models/0,0.001526185660623014,1,0.0015268441056832671,1,1,5000000,0.0015254762256518006,0.07097662081128747,0.1355099380016327,0.39626628160476685,0.0076804514991181665,0.006866293493658304,1.4620614763316553e-07,0.002816,0.0029331787955015898,6.79095819577924e-07,0.08975492063492063,0,0.4658184051513672,0.007653361552028218,0,1.8814948532508424e-07,0.004164571428571428,0,7.432259668815888e-11,0.13683352380952382,0.5421155691146851,0.847616970539093,0.008090412698412697,0,1.5313961654328523e-08,0.0027771428571428574,7.986253880432059e-10,1.4497439360106057e-10,0.066567139329806,NaN,0.835861325263977,0.007656522045855379,NaN,8.546962249056378e-07,0.0033439999999999998,NaN,0
120,5,3.7216816553597094e-06,bf03205a-89bb-4192-a82b-a19ff42eccfd,/content/gdrive/MyDrive/ME Project/New idea/Results/Experiment 2/Heatmap loss/bf03205a-89bb-4192-a82b-a19ff42eccfd/Models/5,5.028404848417267e-05,1,5.0982649554498494e-05,1,1,5000000,5.110327765578404e-05,0.07097662081128747,0.8417297601699829,0.7547685503959656,0.0076804514991181665,4.81279252562139e-11,8.031022069587834e-09,0.002816,1.1507131603138987e-05,0,0.08975492063492063,0.5515466332435608,0.8702723383903503,0.007653361552028218,0.012435989454388618,3.515692242217483e-06,0.004164571428571428,2.5879683107632445e-06,7.162906379143408e-10,0.13683352380952382,NaN,NaN,0.008090412698412697,NaN,NaN,0.0027771428571428574,NaN,NaN,0.066567139329806,0.04229428246617317,0.8452931642532349,0.007656522045855379,0.0028554601594805717,3.97500912185933e-08,0.0033439999999999998,0,4.3751682832215977e-10
42,3,0.000199316416754399,cece3354-493c-461d-b74e-4eba02fcde6b,/content/gdrive/MyDrive/ME Project/New idea/Results/Experiment 1/Normal loss/cece3354-493c-461d-b74e-4eba02fcde6b/Models/3,2.6402922230772674e-05,1,1.4342288523039315e-05,1,1,5000000,8.384771354030818e-05,0.09726083950617284,0,0.10458871722221375,0.008677587301587303,0,0.0034443992190063,0,0,0,0.13719689594356263,0.08841410279273987,0.19746989011764526,0.008576451499118167,0.0012606136733666062,0.003802006132900715,0,0,0,0.18718831746031747,0.7667728066444397,0.5903533697128296,0.009270405643738976,0.008516313508152962,0.017652764916419983,0,0,0,0.0959294532627866,0.6271476745605469,0.19739937782287598,0.008653206349206348,0.0036484054289758205,0.0054054297506809235,0,0,0
43,5,0.00040168491678587803,cece3354-493c-461d-b74e-4eba02fcde6b,/content/gdrive/MyDrive/ME Project/New idea/Results/Experiment 1/Normal loss/cece3354-493c-461d-b74e-4eba02fcde6b/Models/5,3.2578103855485097e-05,1,1.5527946743532084e-05,1,0.9998999834060669,5000000,0.00014790457498747855,0.09726083950617284,0.40305525064468384,0.08767478168010712,0.008677587301587303,0.01606489159166813,0.0017876888159662485,0,0,0,0.13719689594356263,0.1794087141752243,0.20350207388401031,0.008576451499118167,0.004109385423362255,0.0043512447737157345,0,0,0,0.18718831746031747,0.7274856567382812,0.5899217128753662,0.009270405643738976,0.008861090056598186,0.016591114923357964,0,0,0,0.0959294532627866,0.6349271535873413,0.187491774559021,0.008653206349206348,0.004070113878697157,0.005955222062766552,0,0,0
95,1,1.2752365676699949e-05,93c33f91-96d3-450c-8254-2529b2370f10,/content/gdrive/MyDrive/ME Project/New idea/Results/Experiment 2/Normal loss/93c33f91-96d3-450c-8254-2529b2370f10/Models/1,1.5370076766885177e-07,1,1.3927819964010268e-07,1,1,5000000,1.4272929149683478e-07,0.07097662081128747,NaN,0.1018107607960701,0.0076804514991181665,NaN,0.0020958350505679846,0.002816,NaN,0.006035646889358759,0.08975492063492063,0.8371056318283081,0.13290104269981384,0.007653361552028218,7.680895942030475e-05,0.0030148776713758707,0.004164571428571428,0,0.00018564883794169873,0.13683352380952382,0.8161842823028564,0.5088778138160706,0.008090412698412697,0,0.0006245728582143784,0.0027771428571428574,0,2.896851425404634e-09,0.066567139329806,0.5170846581459045,0.26022130250930786,0.007656522045855379,0,0.001578500960022211,0.0033439999999999998,0,1.1914585229533259e-07
18,4,0.0001428146843844726,a8f67d36-9029-4352-a4c5-45b277a4cc78,"",9.394525113748387e-05,1,0.00011816355981864035,1,1,5000000,9.394525113748387e-05,0.10365667254556143,0.35575738549232483,0.892833948135376,0.009218106995884774,0,0,0,0,0,0.2038095238095238,NaN,NaN,0.011475602586713698,NaN,NaN,0,NaN,NaN,0.21686067019400354,NaN,NaN,0.009970605526161082,NaN,NaN,0,NaN,NaN,0.1360141093474427,0.5780683159828186,0.881371021270752,0.0069606114050558485,0.003588785184547305,0,0,0,0
19,5,0.00015490629547888985,a8f67d36-9029-4352-a4c5-45b277a4cc78,"",,,,,,,,,,,,,,,,,,,,,,,,,,,,,,,,,,,,,,,,,,,
20,1,0.0003083555563441904,a8f67d36-9029-4352-a4c5-45b277a4cc78,"",,,,,,,,,,,,,,,,,,,,,,,,,,,,,,,,,,,,,,,,,,,
21,3,5.8333719582048765e-05,a8f67d36-9029-4352-a4c5-45b277a4cc78,"",,,,,,,,,,,,,,,,,,,,,,,,,,,,,,,,,,,,,,,,,,,
22,2,1e-05,a8f67d36-9029-4352-a4c5-45b277a4cc78,"",,,,,,,,,,,,,,,,,,,,,,,,,,,,,,,,,,,,,,,,,,,
23,0,0.07536456472926102,a8f67d36-9029-4352-a4c5-45b277a4cc78,"",,,,,,,,,,,,,,,,,,,,,,,,,,,,,,,,,,,,,,,,,,,
24,0,0.02603236888594237,20ef2501-5ed7-443f-9588-75a51c7231c8,"",,,,,,,,,,,,,,,,,,,,,,,,,,,,,,,,,,,,,,,,,,,
25,1,0.0009529675139514309,20ef2501-5ed7-443f-9588-75a51c7231c8,"",,,,,,,,,,,,,,,,,,,,,,,,,,,,,,,,,,,,,,,,,,,
26,3,0.004574077939382015,20ef2501-5ed7-443f-9588-75a51c7231c8,"",,,,,,,,,,,,,,,,,,,,,,,,,,,,,,,,,,,,,,,,,,,
27,4,0.1,20ef2501-5ed7-443f-9588-75a51c7231c8,"",,,,,,,,,,,,,,,,,,,,,,,,,,,,,,,,,,,,,,,,,,,
28,5,0.0026953992702560933,20ef2501-5ed7-443f-9588-75a51c7231c8,"",,,,,,,,,,,,,,,,,,,,,,,,,,,,,,,,,,,,,,,,,,,
29,2,0.0007141689786891963,20ef2501-5ed7-443f-9588-75a51c7231c8,"",,,,,,,,,,,,,,,,,,,,,,,,,,,,,,,,,,,,,,,,,,,
31,0,5e-06,3cc4b1cc-cdc7-40a3-a593-2a555697fd08,,,,,,,,,,,,,,,,,,,,,,,,,,,,,,,,,,,,,,,,,,,,
32,0,5e-06,c6163101-7d88-4f99-860a-4a5481a4eda1,,,,,,,,,,,,,,,,,,,,,,,,,,,,,,,,,,,,,,,,,,,,
131,7,6.040293901890879e-07,fa65f80e-785a-4cb8-92d0-12c2caf69970,/content/gdrive/MyDrive/ME Project/New idea/Results/Experiment 2/Heatmap loss/fa65f80e-785a-4cb8-92d0-12c2caf69970/Models/7,0.0005520003032870591,1,0.0005481065018102527,1,1,5000000,0.0005589334177784622,0.07097662081128747,0.24270710349082947,0.7698178291320801,0.0076804514991181665,0.006554632447659969,7.947680735753693e-09,0.002816,5.706297301344421e-08,0,0.08975492063492063,0.661529004573822,0.8493576049804688,0.007653361552028218,0.003595627611503005,1.003098137886127e-08,0.004164571428571428,0,0,0.13683352380952382,0.5733552575111389,0.8150050640106201,0.008090412698412697,0,2.1205933009582623e-08,0.0027771428571428574,8.770658865842051e-08,0,0.066567139329806,0.34310686588287354,0.8211065530776978,0.007656522045855379,1.3069519582131761e-06,0,0.0033439999999999998,0,0
49,4,0.0006829318872631277,07d38239-87d5-47fd-b105-620d4606672a,/content/gdrive/MyDrive/ME Project/New idea/Results/Experiment 1/Normal loss/07d38239-87d5-47fd-b105-620d4606672a/Models/4,9.436908840143587e-06,1,7.527572506660363e-06,1,0.9998999834060669,5000000,0.00010925869719358161,0.09726083950617284,0.0002991419460158795,0.05274059623479843,0.008677587301587303,2.452812077535782e-05,0.0019165881676599383,0,0,0,0.13719689594356263,0.1516532003879547,0.20794261991977692,0.008576451499118167,0.004472707398235798,0.007066558580845594,0,0,0,0.18718831746031747,0.6147845983505249,0.537061333656311,0.009270405643738976,0.006891667377203703,0.015417773276567459,0,0,0,0.0959294532627866,0.7021120190620422,0.1772005409002304,0.008653206349206348,0.0005736189777962863,0.004465493839234114,0,0,0
50,6,0.0006852602922566198,07d38239-87d5-47fd-b105-620d4606672a,/content/gdrive/MyDrive/ME Project/New idea/Results/Experiment 1/Normal loss/07d38239-87d5-47fd-b105-620d4606672a/Models/6,1.5043931853142567e-05,1,6.9416150836332235e-06,1,1,5000000,4.359110971563496e-05,0.09726083950617284,0,0.06240936368703842,0.008677587301587303,0,0.001298859715461731,0,0,0,0.13719689594356263,0.12709985673427582,0.19359450042247772,0.008576451499118167,0.0025355471298098564,0.004280266351997852,0,0,0,0.18718831746031747,0.7692763209342957,0.59309983253479,0.009270405643738976,0.005929319187998772,0.015236242674291134,0,0,0,0.0959294532627866,0.4116217792034149,0.15687189996242523,0.008653206349206348,0.007619550451636314,0.006473356857895851,0,0,0
96,0,3.03100926906257e-05,60b86503-ab80-4f5a-895a-f4101bc1a9dc,/content/gdrive/MyDrive/ME Project/New idea/Results/Experiment 2/Normal loss/60b86503-ab80-4f5a-895a-f4101bc1a9dc/Models/0,1.229842609973275e-07,1,1.206040565193689e-07,1,1,5000000,1.2108684188660845e-07,0.07097662081128747,0,0.11863068491220474,0.0076804514991181665,0,0.0035132979974150658,0.002816,0,6.238606874831021e-05,0.08975492063492063,0.8486382365226746,0.18311867117881775,0.007653361552028218,0.00015717667702119797,0.014671153388917446,0.004164571428571428,0,0.0001903105730889365,0.13683352380952382,0.905287504196167,0.5061914920806885,0.008090412698412697,0,0.0003010522632393986,0.0027771428571428574,0,6.227641957678998e-09,0.066567139329806,0.6028071045875549,0.25787851214408875,0.007656522045855379,0,0.0024959694128483534,0.0033439999999999998,0,6.950276798534105e-08
113,2,0.0009310297857204801,d329df7e-2e60-451e-930a-ed476993674d,/content/gdrive/MyDrive/ME Project/New idea/Results/Experiment 2/Normal loss/d329df7e-2e60-451e-930a-ed476993674d/Models/2,4.650752067565918,0.25,4.650747776031494,0.25,0.25,5000000,4.650747776031494,0.07097662081128747,NaN,NaN,0.0076804514991181665,NaN,NaN,0.002816,NaN,NaN,0.08975492063492063,NaN,NaN,0.007653361552028218,NaN,NaN,0.004164571428571428,NaN,NaN,0.13683352380952382,NaN,NaN,0.008090412698412697,NaN,NaN,0.0027771428571428574,NaN,NaN,0.066567139329806,NaN,NaN,0.007656522045855379,NaN,NaN,0.0033439999999999998,NaN,NaN
118,2,0.0009928609515696396,cc2ce844-d29a-4531-854f-ad103eed43d5,/content/gdrive/MyDrive/ME Project/New idea/Results/Experiment 2/Normal loss/cc2ce844-d29a-4531-854f-ad103eed43d5/Models/2,1.7199928947775334e-07,1,1.6097435207029775e-07,1,1,5000000,1.7288341780385963e-07,0.07097662081128747,NaN,0.09650926291942596,0.0076804514991181665,NaN,0.0019709651824086905,0.002816,NaN,0.001839513424783945,0.08975492063492063,0.7564742565155029,0.21807250380516052,0.007653361552028218,0.000596387020777911,0.009886623360216618,0.004164571428571428,0,0.00011779982742154971,0.13683352380952382,0.7468194961547852,0.45894795656204224,0.008090412698412697,0,0.0030324356630444527,0.0027771428571428574,0,4.225946170777206e-08,0.066567139329806,0.5650818347930908,0.24982783198356628,0.007656522045855379,0,0.0025709732435643673,0.0033439999999999998,0,6.032771437958218e-08
65,0,1.354264824744977e-05,c2b069d3-ac8b-408e-aab9-6b676c38d44d,/content/gdrive/MyDrive/ME Project/New idea/Results/Experiment 1/Heatmap loss/c2b069d3-ac8b-408e-aab9-6b676c38d44d/Models/0,0.0001084515533875674,1,0.00031874963315203786,0.9998999834060669,1,5000000,0.00010836560977622867,,,,,,,,,,,,,,,,,,,,,,,,,,,,,,,,,,,,
66,7,1.0558866773806786e-05,c2b069d3-ac8b-408e-aab9-6b676c38d44d,/content/gdrive/MyDrive/ME Project/New idea/Results/Experiment 1/Heatmap loss/c2b069d3-ac8b-408e-aab9-6b676c38d44d/Models/7,0.00035865040263161063,1,0.0010899676708504558,0.9997000098228455,1,5000000,0.0003259640943724662,0.09726083950617284,0.3181781768798828,0.8466963171958923,0.008677587301587303,8.607792551629245e-06,2.2042821001377888e-05,0,0,0,0.13719689594356263,0.5280382037162781,0.7942107319831848,0.008576451499118167,0.028122911229729652,1.080807919606741e-06,0,0,0,0.18718831746031747,0.0003627576516009867,0.8582623600959778,0.009270405643738976,0.0010478263720870018,0.006768163293600082,0,0,0,0.0959294532627866,0.46020299196243286,0.7726213335990906,0.008653206349206348,0.008627614006400108,1.0517583177716006e-05,0,0,0
68,7,9.957678858787303e-07,4d53c037-010e-459d-95bf-d547d03761dd,/content/gdrive/MyDrive/ME Project/New idea/Results/Experiment 1/Heatmap loss/4d53c037-010e-459d-95bf-d547d03761dd/Models/7,0.0007715286919847131,1,0.0006791370105929673,1,1,5000000,0.0006373156793415546,0.09726083950617284,8.310246630571783e-05,0.8543335795402527,0.008677587301587303,1.5175730368355289e-05,8.307610551128164e-05,0,0,0,0.13719689594356263,0.4793611764907837,0.8595784306526184,0.008576451499118167,0.00038502959068864584,2.85613423329778e-05,0,0,0,0.18718831746031747,0.546962320804596,0.9719712734222412,0.009270405643738976,0.0009285289561375976,0.0004959498764947057,0,0,0,0.0959294532627866,0.36950814723968506,0.42382681369781494,0.008653206349206348,0.001454731565900147,3.6792767787119374e-05,0,0,0
71,4,1.2548143503084642e-06,4d53c037-010e-459d-95bf-d547d03761dd,/content/gdrive/MyDrive/ME Project/New idea/Results/Experiment 1/Heatmap loss/4d53c037-010e-459d-95bf-d547d03761dd/Models/4,0.0012486734194681048,1,0.0010495934402570128,1,1,5000000,0.0009956291178241372,0.09726083950617284,0.5221041440963745,0.7340508103370667,0.008677587301587303,0.0006501117022708058,0.0020533245988190174,0,0,0,0.13719689594356263,0.3240136206150055,0.6299247145652771,0.008576451499118167,0.0015902285231277347,0.0252496637403965,0,0,0,0.18718831746031747,0.22286967933177948,0.8987289071083069,0.009270405643738976,1.1999833304798813e-06,0.006867623887956142,0,0,0,0.0959294532627866,0.5427371263504028,0.7983421683311462,0.008653206349206348,0.013063483871519566,0.00032842688960954547,0,0,0
73,3,5e-07,4d53c037-010e-459d-95bf-d547d03761dd,/content/gdrive/MyDrive/ME Project/New idea/Results/Experiment 1/Heatmap loss/4d53c037-010e-459d-95bf-d547d03761dd/Models/3,0.002317907055839896,0.999666690826416,0.001817065291106701,1,1,5000000,0.0018052615923807025,0.09726083950617284,0.33648744225502014,0.7338860630989075,0.008677587301587303,0.004574475344270468,0.0003752033517230302,0,0,0,0.13719689594356263,0.30547356605529785,0.8577409982681274,0.008576451499118167,0.0024134772829711437,0.00010734351963037625,0,0,0,0.18718831746031747,0.6312296986579895,0.961438775062561,0.009270405643738976,0.0002814235631376505,0.0010168146109208465,0,0,0,0.0959294532627866,0.020648378878831863,0.7681800127029419,0.008653206349206348,0.0011607026681303978,0.0007466066163033247,0,0,0
75,5,7.261334096112975e-07,dfd6dd7e-a034-4ffa-86e6-b9761b906e16,/content/gdrive/MyDrive/ME Project/New idea/Results/Experiment 1/Heatmap loss/dfd6dd7e-a034-4ffa-86e6-b9761b906e16/Models/5,0.001567498198710382,1,0.001479379483498633,1,1,5000000,0.001422993140295148,0.09726083950617284,0.4136824607849121,0.7043126821517944,0.008677587301587303,0.01384291984140873,0.008790005929768085,0,0,0,0.13719689594356263,0.535534679889679,0.8595060706138611,0.008576451499118167,0.009721290320158005,4.334860568633303e-05,0,0,0,0.18718831746031747,0.6502967476844788,0.8960150480270386,0.009270405643738976,0.008368429727852345,0.0074288262985646725,0,0,0,0.0959294532627866,0.4974249005317688,0.7593055963516235,0.008653206349206348,0.01320287212729454,0.001407050876878202,0,0,0
77,0,1.0046391674032541e-06,dfd6dd7e-a034-4ffa-86e6-b9761b906e16,/content/gdrive/MyDrive/ME Project/New idea/Results/Experiment 1/Heatmap loss/dfd6dd7e-a034-4ffa-86e6-b9761b906e16/Models/0,0.0016826586797833443,1,0.0014651535311713815,1,1,5000000,0.0015104814665392041,0.09726083950617284,0.4111860990524292,0.8291566371917725,0.008677587301587303,0.000844145251903683,0.0002429221203783527,0,0,0,0.13719689594356263,0.5945861339569092,0.862201452255249,0.008576451499118167,0.0035463946405798197,7.546916458522901e-05,0,0,0,0.18718831746031747,0.25863388180732727,0.9589126706123352,0.009270405643738976,3.1370877877634484e-06,0.0017300216713920236,0,0,0,0.0959294532627866,0.16459637880325317,0.786956250667572,0.008653206349206348,5.3406478400575e-05,5.6700391724007204e-05,0,0,0
94,3,0.00012455353327669235,93c33f91-96d3-450c-8254-2529b2370f10,/content/gdrive/MyDrive/ME Project/New idea/Results/Experiment 2/Normal loss/93c33f91-96d3-450c-8254-2529b2370f10/Models/3,1.241962337417135e-07,1,1.2015701145173807e-07,1,1,5000000,1.225054404585535e-07,0.07097662081128747,NaN,0.12139969319105148,0.0076804514991181665,NaN,0.0034536796156316996,0.002816,NaN,0.0003722690453287214,0.08975492063492063,0.5734953880310059,0.17623074352741241,0.007653361552028218,0.0016153858741745353,0.005674512591212988,0.004164571428571428,0,0.00015010166680440307,0.13683352380952382,0.7080225348472595,0.4859432578086853,0.008090412698412697,0,0.0003463099419604987,0.0027771428571428574,0,1.567904064359027e-07,0.066567139329806,0.48740866780281067,0.25184759497642517,0.007656522045855379,0,0.0008007969590835273,0.0033439999999999998,0,1.380554124352784e-07
133,4,5.980357440192031e-07,fa65f80e-785a-4cb8-92d0-12c2caf69970,/content/gdrive/MyDrive/ME Project/New idea/Results/Experiment 2/Heatmap loss/fa65f80e-785a-4cb8-92d0-12c2caf69970/Models/4,0.00022213249758351594,1,0.00021977034339215606,1,1,5000000,0.00021977028518449515,0.07097662081128747,5.347177284420468e-05,0.8523451089859009,0.0076804514991181665,0,2.9306983151400345e-07,0.002816,9.979617061617319e-06,1.0440094426987512e-13,0.08975492063492063,0.6460573077201843,0.8572205305099487,0.007653361552028218,1.1406239082134562e-06,4.7318106766169876e-08,0.004164571428571428,1.6580921358144707e-10,7.056860873433379e-09,0.13683352380952382,0.23951153457164764,0.7864329218864441,0.008090412698412697,0,7.790826828113495e-08,0.0027771428571428574,0,0,0.066567139329806,0.06437688320875168,0.8392205834388733,0.007656522045855379,0.0032604553271085024,2.228274231796945e-09,0.0033439999999999998,4.1359263236451227e-10,4.408979691755688e-12
93,5,0.00010571895306291821,60b86503-ab80-4f5a-895a-f4101bc1a9dc,/content/gdrive/MyDrive/ME Project/New idea/Results/Experiment 2/Normal loss/60b86503-ab80-4f5a-895a-f4101bc1a9dc/Models/5,1.2028218066006957e-07,1,1.1930467280762969e-07,1,1,5000000,1.1947156508540502e-07,0.07097662081128747,0,0.10798457264900208,0.0076804514991181665,0,0.0036252853460609913,0.002816,0,2.4431636120425537e-05,0.08975492063492063,0.68841552734375,0.19555269181728363,0.007653361552028218,0.0005689472309313715,0.0025763928424566984,0.004164571428571428,0,0.00015465855540242046,0.13683352380952382,0.7490454316139221,0.4763908088207245,0.008090412698412697,0,0.0006297826184891164,0.0027771428571428574,0,3.108580060029453e-08,0.066567139329806,0.5879356265068054,0.26094573736190796,0.007656522045855379,0,0.0019104471430182457,0.0033439999999999998,0,6.33056913557084e-08
83,1,0.00012904554732074636,ffb860e1-c800-4c4a-b57f-215c5488c231,/content/gdrive/MyDrive/ME Project/New idea/Results/Experiment 2/Normal loss/ffb860e1-c800-4c4a-b57f-215c5488c231/Models/1,1.1972586833053356e-07,1,1.1925698117920547e-07,1,1,5000000,1.1964441171130602e-07,0.07097662081128747,NaN,0.11678849905729294,0.0076804514991181665,NaN,0.004959057085216045,0.002816,NaN,2.1071386072435416e-05,0.08975492063492063,0.6330883502960205,0.20119406282901764,0.007653361552028218,0.0026117691304534674,0.01170292217284441,0.004164571428571428,0,0.00010515032045077533,0.13683352380952382,0.7512251734733582,0.45946040749549866,0.008090412698412697,0,0.0013495326275005937,0.0027771428571428574,0,3.7644920070079024e-08,0.066567139329806,0.5683256387710571,0.26540663838386536,0.007656522045855379,0,0.0019637970253825188,0.0033439999999999998,0,9.795343203222728e-08
97,2,0.0007895360647139565,60b86503-ab80-4f5a-895a-f4101bc1a9dc,/content/gdrive/MyDrive/ME Project/New idea/Results/Experiment 2/Normal loss/60b86503-ab80-4f5a-895a-f4101bc1a9dc/Models/2,1.2930235016028746e-07,1,1.2999177556594077e-07,1,1,5000000,1.3188125080887403e-07,0.07097662081128747,NaN,0.13390755653381348,0.0076804514991181665,NaN,0.00829448364675045,0.002816,NaN,3.751360964088235e-06,0.08975492063492063,0.43034279346466064,0.1777763068675995,0.007653361552028218,0.010919121094048023,0.008693366311490536,0.004164571428571428,0,0.0006059145089238882,0.13683352380952382,0.7833366394042969,0.49682703614234924,0.008090412698412697,0,0.0011975637171417475,0.0027771428571428574,0,5.639901345944054e-08,0.066567139329806,0.7643440365791321,0.2603687047958374,0.007656522045855379,0,0.00234194565564394,0.0033439999999999998,0,6.524254558826215e-08
99,2,0.0009817710181773112,93c33f91-96d3-450c-8254-2529b2370f10,/content/gdrive/MyDrive/ME Project/New idea/Results/Experiment 2/Normal loss/93c33f91-96d3-450c-8254-2529b2370f10/Models/2,7.455142622347921e-06,1,7.334379915846512e-06,1,1,5000000,7.566963176941499e-06,0.07097662081128747,0,0.09373260289430618,0.0076804514991181665,0,0.0023635041434317827,0.002816,0,2.8825694244005717e-05,0.08975492063492063,0.8532912135124207,0.1962824910879135,0.007653361552028218,0,0.0036927328910678625,0.004164571428571428,0,0.00011529429320944473,0.13683352380952382,0.7016484141349792,0.4330200254917145,0.008090412698412697,0,0.002633673371747136,0.0027771428571428574,0,1.3467359172292248e-10,0.066567139329806,0.8655815720558167,0.2823599576950073,0.007656522045855379,0,0.0033681767527014017,0.0033439999999999998,0,4.060549940732017e-08
48,0,4.080894413508478e-05,cece3354-493c-461d-b74e-4eba02fcde6b,/content/gdrive/MyDrive/ME Project/New idea/Results/Experiment 1/Normal loss/cece3354-493c-461d-b74e-4eba02fcde6b/Models/0,0.0005139728309586644,1,0.0002895388170145452,1,0.9998999834060669,5000000,0.0003783888241741806,0.09726083950617284,NaN,0.10026803612709045,0.008677587301587303,NaN,0.0037109910044819117,0,NaN,0,0.13719689594356263,0.17120613157749176,0.16394007205963135,0.008576451499118167,0.001684230868704617,0.004241824150085449,0,0,0,0.18718831746031747,0.7709179520606995,0.6037874221801758,0.009270405643738976,0.007983500137925148,0.014884870499372482,0,0,0,0.0959294532627866,0.6181026101112366,0.21511445939540863,0.008653206349206348,0.0021298478823155165,0.00515385065227747,0,0,0
87,4,5.508352811087501e-06,ffb860e1-c800-4c4a-b57f-215c5488c231,/content/gdrive/MyDrive/ME Project/New idea/Results/Experiment 2/Normal loss/ffb860e1-c800-4c4a-b57f-215c5488c231/Models/4,2.171132791772834e-06,1,2.0243589915480698e-06,1,1,5000000,2.1779105736641213e-06,0.07097662081128747,0,0.09757161885499954,0.0076804514991181665,0,0.0012796228984370828,0.002816,0,0.000761314295232296,0.08975492063492063,0.8325330018997192,0.1152377650141716,0.007653361552028218,0.00047518094652332366,0.0026856279000639915,0.004164571428571428,0,0.00012046313349856064,0.13683352380952382,0.7371473908424377,0.46223926544189453,0.008090412698412697,0,0.000731387990526855,0.0027771428571428574,0,9.553246214932809e-12,0.066567139329806,0.43818992376327515,0.31376275420188904,0.007656522045855379,0,0.0014680396998301148,0.0033439999999999998,0,2.067162796492994e-08
89,4,0.00013161023156452105,60b86503-ab80-4f5a-895a-f4101bc1a9dc,/content/gdrive/MyDrive/ME Project/New idea/Results/Experiment 2/Normal loss/60b86503-ab80-4f5a-895a-f4101bc1a9dc/Models/4,1.2000403160072892e-07,1,1.1932850441098708e-07,1,1,5000000,1.194000418536234e-07,0.07097662081128747,0,0.10641372948884964,0.0076804514991181665,0,0.004877977538853884,0.002816,0,4.074909520568326e-05,0.08975492063492063,0.5417988300323486,0.20725098252296448,0.007653361552028218,0.002940479898825288,0.0064743454568088055,0.004164571428571428,0,8.066465670708567e-05,0.13683352380952382,0.7686105370521545,0.48644131422042847,0.008090412698412697,0,0.001474175602197647,0.0027771428571428574,0,1.0216340273760949e-10,0.066567139329806,0.5012035369873047,0.25213733315467834,0.007656522045855379,0,0.0018842453137040138,0.0033439999999999998,0,1.097805579775013e-07
109,5,4.5872073234103356e-05,d329df7e-2e60-451e-930a-ed476993674d,/content/gdrive/MyDrive/ME Project/New idea/Results/Experiment 2/Normal loss/d329df7e-2e60-451e-930a-ed476993674d/Models/5,1.2292466067265195e-07,1,1.2089611800547573e-07,1,,,,,,,,,,,,,,,,,,,,,,,,,,,,,,,,,,,,,,,
91,3,9.855753000280849e-05,60b86503-ab80-4f5a-895a-f4101bc1a9dc,/content/gdrive/MyDrive/ME Project/New idea/Results/Experiment 2/Normal loss/60b86503-ab80-4f5a-895a-f4101bc1a9dc/Models/3,1.2024244711028587e-07,1,1.1931062715575536e-07,1,1,5000000,1.1972785785019369e-07,0.07097662081128747,0,0.10670136660337448,0.0076804514991181665,0,0.0042191618122160435,0.002816,0,1.94825952348765e-05,0.08975492063492063,0.6030653715133667,0.17467528581619263,0.007653361552028218,0.00824357196688652,0.01459239237010479,0.004164571428571428,0,0.00018862856086343527,0.13683352380952382,0.7844488024711609,0.4895866811275482,0.008090412698412697,0,0.0006663622334599495,0.0027771428571428574,0,4.8681940256756207e-08,0.066567139329806,0.7028831839561462,0.25377926230430603,0.007656522045855379,0,0.002437381073832512,0.0033439999999999998,0,5.4261885651385455e-08
103,6,7.810139374137732e-07,fa8b7f50-8ccb-4404-ac9f-ac8a39ee6b56,/content/gdrive/MyDrive/ME Project/New idea/Results/Experiment 2/Heatmap loss/fa8b7f50-8ccb-4404-ac9f-ac8a39ee6b56/Models/6,0.00045594104449264705,1,0.00045365019468590617,1,1,5000000,0.00046251245657913387,0.07097662081128747,0.5142244100570679,0.801734983921051,0.0076804514991181665,0.010225304402410984,1.5893741878159062e-09,0.002816,9.810466217174962e-09,0,0.08975492063492063,0.4664035141468048,0.8644909262657166,0.007653361552028218,0.006294852122664452,4.6879924298082187e-07,0.004164571428571428,2.414034083741967e-09,1.5384664375783785e-10,0.13683352380952382,0.6367223858833313,0.9008620977401733,0.008090412698412697,0.0012174805160611868,4.853481172517604e-09,0.0027771428571428574,0,0,0.066567139329806,0.4091077744960785,0.8229943513870239,0.007656522045855379,8.48713989398675e-06,2.2146664946376404e-08,0.0033439999999999998,8.283550734233813e-09,0
105,7,7.603027479981303e-07,fa8b7f50-8ccb-4404-ac9f-ac8a39ee6b56,/content/gdrive/MyDrive/ME Project/New idea/Results/Experiment 2/Heatmap loss/fa8b7f50-8ccb-4404-ac9f-ac8a39ee6b56/Models/7,0.0005716041778214276,1,0.0005709556862711906,1,1,5000000,0.0005785877001471817,0.07097662081128747,8.41419241623953e-05,0.7969468235969543,0.0076804514991181665,0,6.119106554791642e-09,0.002816,0,6.246567499368361e-12,0.08975492063492063,0.5612776279449463,0.8573397397994995,0.007653361552028218,0.002407266991212964,6.49253763640445e-07,0.004164571428571428,2.65670228871695e-11,0,0.13683352380952382,0.6076003313064575,0.7746226787567139,0.008090412698412697,5.4602438126494235e-09,2.8187557177261624e-07,0.0027771428571428574,3.9135343854468374e-08,0,0.066567139329806,0.38792312145233154,0.829231321811676,0.007656522045855379,0.003417576663196087,7.230639198496647e-08,0.0033439999999999998,4.222374627715908e-06,2.6454618495819204e-09
81,6,7.323276156864013e-07,dfd6dd7e-a034-4ffa-86e6-b9761b906e16,/content/gdrive/MyDrive/ME Project/New idea/Results/Experiment 1/Heatmap loss/dfd6dd7e-a034-4ffa-86e6-b9761b906e16/Models/6,0.006785615347325802,0.9990000128746033,0.006264309398829937,0.9998000264167786,0.9997000098228455,5000000,0.006022914778441191,0.09726083950617284,0.1669936329126358,0.22981934249401093,0.008677587301587303,0.026863155886530876,0.003406776348128915,0,0,0,0.13719689594356263,0.031087229028344154,0.38225165009498596,0.008576451499118167,0.0003896137059200555,0.00015971997345332056,0,0,0,0.18718831746031747,0.49061936140060425,0.9589799642562866,0.009270405643738976,1.9746030375245027e-06,0.0003025565529242158,0,0,0,0.0959294532627866,0.41056498885154724,0.7574104070663452,0.008653206349206348,0.007928289473056793,0.00010832835687324405,0,0,0
110,3,2.6196402908478344e-05,d329df7e-2e60-451e-930a-ed476993674d,/content/gdrive/MyDrive/ME Project/New idea/Results/Experiment 2/Normal loss/d329df7e-2e60-451e-930a-ed476993674d/Models/3,1.26401602074111e-07,1,1.2201668653233355e-07,1,,,,,,,,,,,,,,,,,,,,,,,,,,,,,,,,,,,,,,,
111,1,8.726422805722288e-06,d329df7e-2e60-451e-930a-ed476993674d,/content/gdrive/MyDrive/ME Project/New idea/Results/Experiment 2/Normal loss/d329df7e-2e60-451e-930a-ed476993674d/Models/1,3.219859081582399e-07,1,2.9199171081017994e-07,1,,,,,,,,,,,,,,,,,,,,,,,,,,,,,,,,,,,,,,,
128,6,6.022406064667822e-07,fa65f80e-785a-4cb8-92d0-12c2caf69970,/content/gdrive/MyDrive/ME Project/New idea/Results/Experiment 2/Heatmap loss/fa65f80e-785a-4cb8-92d0-12c2caf69970/Models/6,0.00033730550785548985,1,0.0003401071880944073,1,1,5000000,0.0003478561120573431,0.07097662081128747,0.7025209069252014,0.8436763882637024,0.0076804514991181665,0.005477330181747675,2.4554422939360165e-09,0.002816,5.699258309732613e-08,1.0701939334722965e-09,0.08975492063492063,0.4782956540584564,0.8632187247276306,0.007653361552028218,0.013407367281615734,5.975150374482041e-10,0.004164571428571428,0,0,0.13683352380952382,0.5623190999031067,0.8878294229507446,0.008090412698412697,0.0013263572473078966,4.633710304347005e-09,0.0027771428571428574,5.863244889603436e-10,1.0552757556681058e-09,0.066567139329806,0.1398043930530548,0.494706928730011,0.007656522045855379,0.04037942364811897,0.019812891259789467,0.0033439999999999998,3.2066233002225886e-10,0
129,5,6.036725156098694e-07,fa65f80e-785a-4cb8-92d0-12c2caf69970,/content/gdrive/MyDrive/ME Project/New idea/Results/Experiment 2/Heatmap loss/fa65f80e-785a-4cb8-92d0-12c2caf69970/Models/5,0.00053024897351861,1,0.0005289171822369099,1,1,5000000,0.0005334095912985504,0.07097662081128747,0.44856151938438416,0.8409118056297302,0.0076804514991181665,0.0040616304613649845,0,0.002816,3.74662656454916e-09,2.690546136580041e-12,0.08975492063492063,0.3687936067581177,0.8652855753898621,0.007653361552028218,3.539734098012559e-05,6.090164816896504e-08,0.004164571428571428,0,4.4704053826782886e-12,0.13683352380952382,0.5721117258071899,0.8152254819869995,0.008090412698412697,0.003698657965287566,1.890326295495015e-08,0.0027771428571428574,0,0,0.066567139329806,0.3642183542251587,0.8373775482177734,0.007656522045855379,0.01354704238474369,1.0800725931403576e-06,0.0033439999999999998,0,0
130,0,7.087450766683512e-07,fa65f80e-785a-4cb8-92d0-12c2caf69970,/content/gdrive/MyDrive/ME Project/New idea/Results/Experiment 2/Heatmap loss/fa65f80e-785a-4cb8-92d0-12c2caf69970/Models/0,0.00033338714274577796,1,0.00033618940506130457,1,1,5000000,0.0003402350121177733,0.07097662081128747,0.3427521586418152,0.7840408086776733,0.0076804514991181665,0.003631586441770196,5.4584461395279504e-08,0.002816,4.1048576804314507e-07,0,0.08975492063492063,0,0.8622527122497559,0.007653361552028218,0,1.4992002306257746e-08,0.004164571428571428,0.04793507233262062,1.626086820749606e-09,0.13683352380952382,0.7541313171386719,0.932123064994812,0.008090412698412697,0.00021393159113358706,6.073189950939195e-09,0.0027771428571428574,0.0003886250196956098,1.3628755242411916e-11,0.066567139329806,0.3942747414112091,0.8205763697624207,0.007656522045855379,0.007081130985170603,1.2805088545064791e-08,0.0033439999999999998,0,6.400036909326445e-07
132,1,5.04700551919367e-07,fa65f80e-785a-4cb8-92d0-12c2caf69970,/content/gdrive/MyDrive/ME Project/New idea/Results/Experiment 2/Heatmap loss/fa65f80e-785a-4cb8-92d0-12c2caf69970/Models/1,0.0006282476824708283,1,0.0006430838839150965,1,1,5000000,0.0006507462821900845,0.07097662081128747,0.4609487056732178,0.7967269420623779,0.0076804514991181665,0.05181390419602394,3.040244791918667e-06,0.002816,0,0,0.08975492063492063,0.567654013633728,0.8653432726860046,0.007653361552028218,0.0006325138965621591,2.2581664893550624e-07,0.004164571428571428,0,8.304724130603347e-10,0.13683352380952382,0.00043214455945417285,0.8522868156433105,0.008090412698412697,0,7.013014879930779e-08,0.0027771428571428574,0.03763117268681526,0,0.066567139329806,0.42925843596458435,0.8349941372871399,0.007656522045855379,0.004600197542458773,4.3194354759634734e-08,0.0033439999999999998,0,3.591421604554057e-10
134,3,5.987659323322676e-07,fa65f80e-785a-4cb8-92d0-12c2caf69970,/content/gdrive/MyDrive/ME Project/New idea/Results/Experiment 2/Heatmap loss/fa65f80e-785a-4cb8-92d0-12c2caf69970/Models/3,0.0010305881733074784,1,0.0010433625429868698,1,1,5000000,0.001034869346767664,0.07097662081128747,0.45860254764556885,0.8039538264274597,0.0076804514991181665,0.005618035327643156,7.976414622135053e-07,0.002816,8.173679088940844e-05,3.3589908632336574e-09,0.08975492063492063,0.6861770749092102,0.8571376800537109,0.007653361552028218,0.005324822384864092,2.2336179483772867e-07,0.004164571428571428,0,1.467545995836872e-08,0.13683352380952382,0.6578795909881592,0.9376915097236633,0.008090412698412697,0,0,0.0027771428571428574,0,1.3362995154864166e-09,0.066567139329806,0.4008234739303589,0.7912720441818237,0.007656522045855379,0.006616848986595869,6.654662456639926e-07,0.0033439999999999998,5.5484091717517003e-05,2.522122258596937e-06
112,4,5e-06,d329df7e-2e60-451e-930a-ed476993674d,/content/gdrive/MyDrive/ME Project/New idea/Results/Experiment 2/Normal loss/d329df7e-2e60-451e-930a-ed476993674d/Models/4,4.538529992714757e-06,1,4.365828772279201e-06,1,1,5000000,4.6825225581415e-06,0.07097662081128747,NaN,0.10595837235450745,0.0076804514991181665,NaN,0.002783894771710038,0.002816,NaN,0.000492334773298353,0.08975492063492063,0.8555796146392822,0.12925229966640472,0.007653361552028218,2.3252640346527187e-07,0.01049335952848196,0.004164571428571428,0,0.0001288475323235616,0.13683352380952382,0.7715224623680115,0.47647157311439514,0.008090412698412697,0,0.0004527154960669577,0.0027771428571428574,0,2.0998661143245556e-10,0.066567139329806,0.4807097613811493,0.2674242854118347,0.007656522045855379,0,0.0005573573871515691,0.0033439999999999998,0,9.914240450825673e-08
115,1,0.0001522470649185541,cc2ce844-d29a-4531-854f-ad103eed43d5,/content/gdrive/MyDrive/ME Project/New idea/Results/Experiment 2/Normal loss/cc2ce844-d29a-4531-854f-ad103eed43d5/Models/1,1.2024244711028587e-07,1,1.194000418536234e-07,1,1,5000000,1.201510571036124e-07,0.07097662081128747,0,0.10520810633897781,0.0076804514991181665,0,0.004059160593897104,0.002816,0,1.64492339536082e-05,0.08975492063492063,0.7795730233192444,0.22544829547405243,0.007653361552028218,0.0010629785247147083,0.006557841319590807,0.004164571428571428,0,0.00010249231127090752,0.13683352380952382,0.8008352518081665,0.46868255734443665,0.008090412698412697,0,0.0003960978938266635,0.0027771428571428574,0,6.236912497570302e-08,0.066567139329806,0.5437501668930054,0.25006571412086487,0.007656522045855379,0,0.0015510860830545425,0.0033439999999999998,0,8.533226036888664e-08
117,0,3.679749878701441e-05,cc2ce844-d29a-4531-854f-ad103eed43d5,/content/gdrive/MyDrive/ME Project/New idea/Results/Experiment 2/Normal loss/cc2ce844-d29a-4531-854f-ad103eed43d5/Models/0,1.2256703030288918e-07,1,1.2030602647428168e-07,1,1,5000000,1.2114048786315834e-07,0.07097662081128747,NaN,0.12990370392799377,0.0076804514991181665,NaN,0.004798736423254013,0.002816,NaN,1.7622420273255557e-05,0.08975492063492063,0.6191128492355347,0.14823833107948303,0.007653361552028218,0.0038489126600325108,0.008371978998184204,0.004164571428571428,0,0.00010733606904977933,0.13683352380952382,0.7954001426696777,0.46574801206588745,0.008090412698412697,0,0.0005798027850687504,0.0027771428571428574,0,3.5945566878581303e-07,0.066567139329806,0.5715555548667908,0.27185332775115967,0.007656522045855379,0,0.0030283282976597548,0.0033439999999999998,0,1.0210465717364059e-07
119,4,5.016123937132596e-06,cc2ce844-d29a-4531-854f-ad103eed43d5,/content/gdrive/MyDrive/ME Project/New idea/Results/Experiment 2/Normal loss/cc2ce844-d29a-4531-854f-ad103eed43d5/Models/4,3.1207844131131424e-06,1,2.9940963486296823e-06,1,1,5000000,3.1660770218877587e-06,0.07097662081128747,NaN,0.0921843871474266,0.0076804514991181665,NaN,0.008367793634533882,0.002816,NaN,7.615458889631554e-05,0.08975492063492063,0.755335807800293,0.14991557598114014,0.007653361552028218,6.524858326883987e-05,0.008342517539858818,0.004164571428571428,0,0.00012708420399576426,0.13683352380952382,0.7557080388069153,0.45282280445098877,0.008090412698412697,0,0.0005824373802170157,0.0027771428571428574,0,5.1146367141541305e-09,0.066567139329806,0.4924856722354889,0.2913040220737457,0.007656522045855379,0,0.0005346187390387058,0.0033439999999999998,0,8.534158268957981e-08
121,6,3.882324495822972e-06,bf03205a-89bb-4192-a82b-a19ff42eccfd,/content/gdrive/MyDrive/ME Project/New idea/Results/Experiment 2/Heatmap loss/bf03205a-89bb-4192-a82b-a19ff42eccfd/Models/6,4.208948666928336e-05,1,4.188657476333901e-05,1,1,5000000,4.203669959679246e-05,0.07097662081128747,0.5587494969367981,0.8464479446411133,0.0076804514991181665,6.820300313847838e-06,2.8744340241360078e-08,0.002816,0,0,0.08975492063492063,0.4143614172935486,0.8696377873420715,0.007653361552028218,0.004030454903841019,7.941038049352755e-09,0.004164571428571428,1.6673676839218388e-07,3.342712495690847e-10,0.13683352380952382,0.46680301427841187,0.8523206114768982,0.008090412698412697,5.8252865642316465e-08,2.9777769583461122e-08,0.0027771428571428574,0,0,0.066567139329806,0.39318206906318665,0.3983645439147949,0.007656522045855379,0,0,0.0033439999999999998,0.0013409877428784966,1.1292421442377076e-09
140,6,1.916713564340499e-06,a6a13b3e-c607-4d16-b205-c659f2ac96d8,/content/gdrive/MyDrive/ME Project/New idea/Results/Experiment 1/Heatmap loss/a6a13b3e-c607-4d16-b205-c659f2ac96d8/Models/6,0.0009433412342332304,1,0.0007054463494569063,1,1,5000000,0.0006898095598444343,0.09726083950617284,0.2059682309627533,0.8087618947029114,0.008677587301587303,0.00475640082731843,0.0025841600727289915,0,0,0,0.13719689594356263,0.5369325876235962,0.8635434508323669,0.008576451499118167,0.004461653530597687,4.207295205560513e-06,0,0,0,0.18718831746031747,0.5501318573951721,0.9657757878303528,0.009270405643738976,0.0032324325293302536,0.000863635737914592,0,0,0,0.0959294532627866,0.6048980951309204,0.7736122012138367,0.008653206349206348,0.0014983225846663117,1.543243160995189e-05,0,0,0
141,4,5e-07,a6a13b3e-c607-4d16-b205-c659f2ac96d8,/content/gdrive/MyDrive/ME Project/New idea/Results/Experiment 1/Heatmap loss/a6a13b3e-c607-4d16-b205-c659f2ac96d8/Models/4,0.0021439562551677227,1,0.0019058473408222198,1,1,5000000,0.001907014986500144,0.09726083950617284,0.39047613739967346,0.3477504849433899,0.008677587301587303,0.00016293683438561857,7.73357751313597e-05,0,0,0,0.13719689594356263,0.21975839138031006,0.860493540763855,0.008576451499118167,1.0560544296822627e-06,6.859661516500637e-05,0,0,0,0.18718831746031747,0.16694489121437073,0.9645707011222839,0.009270405643738976,0.0005545201129280031,0.0008672107942402363,0,0,0,0.0959294532627866,0.2893412709236145,0.6585063934326172,0.008653206349206348,0.006182390730828047,0.03157515078783035,0,0,0
125,4,5e-07,bf03205a-89bb-4192-a82b-a19ff42eccfd,/content/gdrive/MyDrive/ME Project/New idea/Results/Experiment 2/Heatmap loss/bf03205a-89bb-4192-a82b-a19ff42eccfd/Models/4,0.0007256963290274143,1,0.0007234975346364081,1,1,5000000,0.0007261569844558835,0.07097662081128747,0.3726617097854614,0.3548154830932617,0.0076804514991181665,0.003916299436241388,9.269382417187444e-08,0.002816,0.02547706663608551,0.07485482096672058,0.08975492063492063,0.5437085628509521,0.86673903465271,0.007653361552028218,0.002374346600845456,9.674752163846279e-07,0.004164571428571428,0,0,0.13683352380952382,0.6220387816429138,0.8549062609672546,0.008090412698412697,0.0008357551414519548,8.411995544577167e-09,0.0027771428571428574,0,3.381681835890049e-06,0.066567139329806,0.42628973722457886,0.8423235416412354,0.007656522045855379,0.006524244789034128,4.5003989157521573e-07,0.0033439999999999998,3.4609727208589902e-06,1.606550092958514e-08
41,7,0.0003097358690578694,cece3354-493c-461d-b74e-4eba02fcde6b,/content/gdrive/MyDrive/ME Project/New idea/Results/Experiment 1/Normal loss/cece3354-493c-461d-b74e-4eba02fcde6b/Models/7,2.3463890101993456e-05,1,1.4028297300683334e-05,1,0.9998999834060669,5000000,0.00043263615225441754,0.09726083950617284,0.0002820061636157334,0.09926341474056244,0.008677587301587303,0.0001421865599695593,0.001337188994511962,0,0,0,0.13719689594356263,0.1964183747768402,0.210379496216774,0.008576451499118167,0.005937586072832346,0.007069803774356842,0,0,0,0.18718831746031747,0.7221218943595886,0.5817623734474182,0.009270405643738976,0.006350056268274784,0.01605204865336418,0,0,0,0.0959294532627866,0.6030440330505371,0.21255937218666077,0.008653206349206348,0.0053526246920228004,0.006098812445998192,0,0,0
144,0,2.354316809058203e-06,d6825467-376b-4c29-8fc2-892d4697f095,/content/gdrive/MyDrive/ME Project/New idea/Results/Experiment 2/Heatmap loss/d6825467-376b-4c29-8fc2-892d4697f095/Models/0,0.00011452714534243569,1,0.00011684300989145413,1,1,5000000,0.00011670018284348771,0.07097662081128747,0.43787118792533875,0.8168503642082214,0.0076804514991181665,0.00017208984354510903,0,0.002816,0,3.7173812883180626e-14,0.08975492063492063,0.7254381775856018,0.8682693243026733,0.007653361552028218,0.006980850826948881,1.6614538367321074e-07,0.004164571428571428,0,0,0.13683352380952382,0.6772233247756958,0.8581560254096985,0.008090412698412697,0,0,0.0027771428571428574,0,0,0.066567139329806,0.5345885157585144,0.3603743016719818,0.007656522045855379,1.1205929695279337e-05,0.07299109548330307,0.0033439999999999998,0,4.2818210088668707e-10
98,4,5.156344462903892e-06,93c33f91-96d3-450c-8254-2529b2370f10,/content/gdrive/MyDrive/ME Project/New idea/Results/Experiment 2/Normal loss/93c33f91-96d3-450c-8254-2529b2370f10/Models/4,2.648494273671531e-06,1,2.5190117867168738e-06,1,1,5000000,2.709826276259264e-06,0.07097662081128747,0,0.09390565007925034,0.0076804514991181665,0,0.0033352135214954615,0.002816,0,0.0001676593819865957,0.08975492063492063,0.7655898928642273,0.10967405140399933,0.007653361552028218,0.0027675966266542673,0.014735951088368893,0.004164571428571428,0,8.815607725409791e-05,0.13683352380952382,0.7681019306182861,0.4935991168022156,0.008090412698412697,0,0.0007094016182236373,0.0027771428571428574,0,3.511001711586914e-09,0.066567139329806,0.5096420049667358,0.2982378304004669,0.007656522045855379,0,0.00228095636703074,0.0033439999999999998,0,1.123996895557866e-08
114,3,8.697982976713727e-05,cc2ce844-d29a-4531-854f-ad103eed43d5,/content/gdrive/MyDrive/ME Project/New idea/Results/Experiment 2/Normal loss/cc2ce844-d29a-4531-854f-ad103eed43d5/Models/3,1.2010336547518818e-07,1,1.1944176492306724e-07,1,1,5000000,1.2058616505328246e-07,0.07097662081128747,NaN,0.09505342692136765,0.0076804514991181665,NaN,0.0010307281045243144,0.002816,NaN,0.0005778009071946144,0.08975492063492063,0.6435970067977905,0.20289435982704163,0.007653361552028218,0.0026683707255870104,0.009053247049450874,0.004164571428571428,0,0.000147583574289456,0.13683352380952382,0.7268704771995544,0.45769360661506653,0.008090412698412697,0,0.00039242306957021356,0.0027771428571428574,0,6.352023795841433e-09,0.066567139329806,0.6352245807647705,0.24441704154014587,0.007656522045855379,0,0.0023746429942548275,0.0033439999999999998,0,6.221269899242543e-08
85,0,3.063103822972573e-05,ffb860e1-c800-4c4a-b57f-215c5488c231,/content/gdrive/MyDrive/ME Project/New idea/Results/Experiment 2/Normal loss/ffb860e1-c800-4c4a-b57f-215c5488c231/Models/0,1.2340149169176584e-07,1,1.20550410542819e-07,1,1,5000000,1.2120605674681428e-07,0.07097662081128747,0,0.10080564022064209,0.0076804514991181665,0,0.0026480865199118853,0.002816,0,1.976822386495769e-05,0.08975492063492063,0.6211852431297302,0.18005496263504028,0.007653361552028218,0.0037756061647087336,0.009145540185272694,0.004164571428571428,0,0.00019285762391518801,0.13683352380952382,0.8215892314910889,0.4679725170135498,0.008090412698412697,0,0.001071480568498373,0.0027771428571428574,0,3.4758194544792786e-08,0.066567139329806,0.5595694780349731,0.2556104063987732,0.007656522045855379,0,0.0013387991348281503,0.0033439999999999998,0,1.3144097010808764e-07
54,5,0.000677313822990279,07d38239-87d5-47fd-b105-620d4606672a,/content/gdrive/MyDrive/ME Project/New idea/Results/Experiment 1/Normal loss/07d38239-87d5-47fd-b105-620d4606672a/Models/5,2.8725418815156445e-05,1,1.147371676779585e-05,1,1,5000000,4.691459980676882e-05,0.09726083950617284,0.0013899133773520589,0.06730011850595474,0.008677587301587303,0,0.0015635130694136024,0,0,0,0.13719689594356263,0.08096491545438766,0.16913443803787231,0.008576451499118167,0.002225772710517049,0.002595714293420315,0,0,0,0.18718831746031747,0.7982117533683777,0.5064677596092224,0.009270405643738976,0.007306941784918308,0.01712202839553356,0,0,0,0.0959294532627866,0.6024597883224487,0.2217593491077423,0.008653206349206348,0.004405179992318153,0.008437120355665684,0,0,0
88,1,0.00012328486988962608,60b86503-ab80-4f5a-895a-f4101bc1a9dc,/content/gdrive/MyDrive/ME Project/New idea/Results/Experiment 2/Normal loss/60b86503-ab80-4f5a-895a-f4101bc1a9dc/Models/1,1.198848167405231e-07,1,1.1938811894651735e-07,1,1,5000000,1.194953966887624e-07,0.07097662081128747,0,0.10558021068572998,0.0076804514991181665,0,0.002151780528947711,0.002816,0,8.138899829646107e-06,0.08975492063492063,0.6281170845031738,0.19509805738925934,0.007653361552028218,0.004770584404468536,0.008250117301940918,0.004164571428571428,0,0.0018815622897818685,0.13683352380952382,0.8135837316513062,0.4613369107246399,0.008090412698412697,0,0.0014789236010983586,0.0027771428571428574,0,2.339760563074833e-08,0.066567139329806,0.5439696311950684,0.2645321786403656,0.007656522045855379,0,0.000965170853305608,0.0033439999999999998,0,8.592331823820132e-08
52,0,0.0006244994470429874,07d38239-87d5-47fd-b105-620d4606672a,/content/gdrive/MyDrive/ME Project/New idea/Results/Experiment 1/Normal loss/07d38239-87d5-47fd-b105-620d4606672a/Models/0,1.6893680367502384e-05,1,6.268456672842149e-06,1,1,5000000,8.057894592639059e-05,0.09726083950617284,0,0.060280781239271164,0.008677587301587303,0,0.001349344034679234,0,0,0,0.13719689594356263,0.17545649409294128,0.1798347681760788,0.008576451499118167,0.0040051634423434734,0.003114262130111456,0,0,0,0.18718831746031747,0.6798030734062195,0.5127993822097778,0.009270405643738976,0.011405264027416706,0.01902315579354763,0,0,0,0.0959294532627866,0.5675211548805237,0.20868517458438873,0.008653206349206348,0.007495843339711428,0.00780867924913764,0,0,0
67,5,1.2071050683388363e-06,4d53c037-010e-459d-95bf-d547d03761dd,/content/gdrive/MyDrive/ME Project/New idea/Results/Experiment 1/Heatmap loss/4d53c037-010e-459d-95bf-d547d03761dd/Models/5,0.0008111012866720557,1,0.00085094926180318,1,1,5000000,0.000774848333094269,0.09726083950617284,0.08601479232311249,0.8129327893257141,0.008677587301587303,1.4669312804471701e-06,0.00263204425573349,0,0,0,0.13719689594356263,0.4001059830188751,0.8444125056266785,0.008576451499118167,3.038812224076537e-07,0.0007124280091375113,0,0,0,0.18718831746031747,0.6849882006645203,0.9469749927520752,0.009270405643738976,0.0001638142130104825,0.0029034942854195833,0,0,0,0.0959294532627866,0.13259433209896088,0.6332892775535583,0.008653206349206348,0.00012090282689314336,0.03357836231589317,0,0,0
69,2,5e-07,4d53c037-010e-459d-95bf-d547d03761dd,/content/gdrive/MyDrive/ME Project/New idea/Results/Experiment 1/Heatmap loss/4d53c037-010e-459d-95bf-d547d03761dd/Models/2,0.00341554987244308,1,0.0035434006713330746,1,1,5000000,0.003437969135120511,0.09726083950617284,0.37019219994544983,0.7433589696884155,0.008677587301587303,0.009401577524840832,0.0005826292326673865,0,0,0,0.13719689594356263,0.07157105952501297,0.8538236618041992,0.008576451499118167,0.0007429052493534982,0.0001261991710634902,0,0,0,0.18718831746031747,0.6568253040313721,0.9525236487388611,0.009270405643738976,0.002819331828504801,0.0016832912806421518,0,0,0,0.0959294532627866,0.001302695251069963,0.8425874710083008,0.008653206349206348,0.004078886937350035,0.0007395021384581923,0,0,0
70,6,9.692730410360683e-07,4d53c037-010e-459d-95bf-d547d03761dd,/content/gdrive/MyDrive/ME Project/New idea/Results/Experiment 1/Heatmap loss/4d53c037-010e-459d-95bf-d547d03761dd/Models/6,0.001152743468992412,1,0.001059625530615449,1,1,5000000,0.0010072747245430946,0.09726083950617284,0.45991963148117065,0.8283217549324036,0.008677587301587303,0.014673854224383831,0.0005498718237504363,0,0,0,0.13719689594356263,0.5363662838935852,0.8624206781387329,0.008576451499118167,0.005741777364164591,2.800524043777841e-06,0,0,0,0.18718831746031747,0.7474185228347778,0.9586723446846008,0.009270405643738976,0.005818782839924097,0.0007273611845448613,0,0,0,0.0959294532627866,0.4307524561882019,0.8021611571311951,0.008653206349206348,0.006474682595580816,3.6495050153462216e-05,0,0,0
100,1,9.78300818345863e-07,fa8b7f50-8ccb-4404-ac9f-ac8a39ee6b56,/content/gdrive/MyDrive/ME Project/New idea/Results/Experiment 2/Heatmap loss/fa8b7f50-8ccb-4404-ac9f-ac8a39ee6b56/Models/1,0.00037458731094375253,1,0.00037359289126470685,1,1,5000000,0.00037131187855266035,0.07097662081128747,0.49086424708366394,0.7947748899459839,0.0076804514991181665,0.005770621821284294,7.340136498612537e-09,0.002816,0,0,0.08975492063492063,0.4076407253742218,0.866804301738739,0.007653361552028218,0.0018648540135473013,1.0218352741730996e-07,0.004164571428571428,4.562016783893341e-06,0,0.13683352380952382,0.6495052576065063,0.747417688369751,0.008090412698412697,0.0004805416101589799,0,0.0027771428571428574,0,0,0.066567139329806,0.322568416595459,0.29751673340797424,0.007656522045855379,0.0014200614532455802,6.977516786577098e-09,0.0033439999999999998,1.9157144759418543e-09,0
84,3,6.733940520895546e-05,ffb860e1-c800-4c4a-b57f-215c5488c231,/content/gdrive/MyDrive/ME Project/New idea/Results/Experiment 2/Normal loss/ffb860e1-c800-4c4a-b57f-215c5488c231/Models/3,1.2119612335936836e-07,1,1.1950731959586847e-07,1,,,,,,,,,,,,,0.08975492063492063,0.6330883502960205,0.20119406282901764,0.007653361552028218,0.0026117691304534674,0.01170292217284441,0.004164571428571428,0,0.00010515032045077533,0.13683352380952382,0.7512251734733582,0.45946040749549866,0.008090412698412697,0,0.0013495326275005937,0.0027771428571428574,0,3.7644920070079024e-08,0.066567139329806,0.5683256387710571,0.26540663838386536,0.007656522045855379,0,0.0019637970253825188,0.0033439999999999998,0,9.795343203222728e-08
101,2,6.62034774750773e-07,fa8b7f50-8ccb-4404-ac9f-ac8a39ee6b56,/content/gdrive/MyDrive/ME Project/New idea/Results/Experiment 2/Heatmap loss/fa8b7f50-8ccb-4404-ac9f-ac8a39ee6b56/Models/2,0.0004805527569260448,1,0.0004815510765183717,1,1,5000000,0.0004917923361063004,0.07097662081128747,0.41893476247787476,0.7728326916694641,0.0076804514991181665,0.0056273178197443485,1.2295963358610607e-07,0.002816,7.46912365290342e-10,8.801905315714009e-10,0.08975492063492063,0.5498577952384949,0.8699091672897339,0.007653361552028218,0.007897505536675453,3.800228043360221e-08,0.004164571428571428,8.423878483654335e-09,0,0.13683352380952382,0.639120876789093,0.8746874928474426,0.008090412698412697,0.00013607091386802495,1.8516554955994025e-10,0.0027771428571428574,0,5.20927615280109e-12,0.066567139329806,0.41914471983909607,0.7786656618118286,0.007656522045855379,0.010830440558493137,0,0.0033439999999999998,0,0
72,0,1.4725710063487446e-06,4d53c037-010e-459d-95bf-d547d03761dd,/content/gdrive/MyDrive/ME Project/New idea/Results/Experiment 1/Heatmap loss/4d53c037-010e-459d-95bf-d547d03761dd/Models/0,0.000993752502836287,1,0.0009046068298630416,1,1,5000000,0.0008444896666333079,0.09726083950617284,0.4452516734600067,0.7543264627456665,0.008677587301587303,0.0017942262347787619,5.960794624115806e-06,0,0,0,0.13719689594356263,0.769677996635437,0.858938455581665,0.008576451499118167,0.0009725677664391696,5.165892162040109e-06,0,0,0,0.18718831746031747,0.739307701587677,0.9605501890182495,0.009270405643738976,0.001634668675251305,0.0016411044634878635,0,0,0,0.0959294532627866,0.020241754129529,0.8416392803192139,0.008653206349206348,0.010810795240104198,0.00024501499137841165,0,0,0
102,4,7.197834530983722e-07,fa8b7f50-8ccb-4404-ac9f-ac8a39ee6b56,/content/gdrive/MyDrive/ME Project/New idea/Results/Experiment 2/Heatmap loss/fa8b7f50-8ccb-4404-ac9f-ac8a39ee6b56/Models/4,0.0006587138050235808,1,0.0006574466242454946,1,1,5000000,0.0006590068805962801,0.07097662081128747,0.4044855535030365,0.783323347568512,0.0076804514991181665,0.010941673070192337,3.4516538516271567e-09,0.002816,3.4716848062998906e-08,0,0.08975492063492063,0.5372980237007141,0.8661724328994751,0.007653361552028218,0.0023036666680127382,1.0480158607606427e-07,0.004164571428571428,9.532248601562543e-11,4.348814002241852e-07,0.13683352380952382,0.7300156950950623,0.8287658095359802,0.008090412698412697,0,1.6819037682580529e-06,0.0027771428571428574,0,1.3442030691659945e-12,0.066567139329806,0.4141719341278076,0.7850149273872375,0.007656522045855379,0.010665389709174633,0,0.0033439999999999998,6.791722739762918e-10,0
74,1,7.145589040178014e-06,4d53c037-010e-459d-95bf-d547d03761dd,/content/gdrive/MyDrive/ME Project/New idea/Results/Experiment 1/Heatmap loss/4d53c037-010e-459d-95bf-d547d03761dd/Models/1,0.0009660897776484489,0.999666690826416,0.0005701554473489523,0.9998999834060669,0.9998000264167786,5000000,0.00039580586599186063,0.09726083950617284,0.5492588877677917,0.7590346932411194,0.008677587301587303,0.0037369197234511375,1.298071765631903e-05,0,0,0,0.13719689594356263,0.00032363939681090415,0.8213561773300171,0.008576451499118167,2.036040859820787e-05,3.97670964957797e-06,0,0,0,0.18718831746031747,0.7841566801071167,0.9778802990913391,0.009270405643738976,0.0007463216315954924,0.0004096517222933471,0,0,0,0.0959294532627866,0.576820969581604,0.8050537109375,0.008653206349206348,0.0038768851663917303,6.76552444929257e-05,0,0,0
104,5,5.728389811214796e-07,fa8b7f50-8ccb-4404-ac9f-ac8a39ee6b56,/content/gdrive/MyDrive/ME Project/New idea/Results/Experiment 2/Heatmap loss/fa8b7f50-8ccb-4404-ac9f-ac8a39ee6b56/Models/5,0.0005390942678786814,1,0.0005233577685430646,1,1,5000000,0.0005414861952885985,0.07097662081128747,0.02472432143986225,0.545105516910553,0.0076804514991181665,0.0022207465954124928,0.02090686745941639,0.002816,0.00037487357622012496,0,0.08975492063492063,0.14606158435344696,0.8634541034698486,0.007653361552028218,0,2.6110340556328993e-08,0.004164571428571428,1.26950979506546e-07,0,0.13683352380952382,0.683043360710144,0.7572725415229797,0.008090412698412697,0.0001209769761771895,0,0.0027771428571428574,5.182642581758046e-08,0,0.066567139329806,0.42706137895584106,0.8295667171478271,0.007656522045855379,0.011106345802545547,4.017711034975946e-07,0.0033439999999999998,9.721132343543104e-09,6.041205946952233e-13
76,7,1.3105948360188256e-06,dfd6dd7e-a034-4ffa-86e6-b9761b906e16,/content/gdrive/MyDrive/ME Project/New idea/Results/Experiment 1/Heatmap loss/dfd6dd7e-a034-4ffa-86e6-b9761b906e16/Models/7,0.0005036387592554092,1,0.00042465850128792226,1,1,5000000,0.0004277094849385321,0.09726083950617284,0.21264304220676422,0.5956485867500305,0.008677587301587303,0.0006072482210583985,0.04185963049530983,0,0,0,0.13719689594356263,0.245345339179039,0.5986108183860779,0.008576451499118167,0.01985817588865757,0.029695751145482063,0,0,0,0.18718831746031747,0.7717616558074951,0.8874338865280151,0.009270405643738976,0.001092026592232287,0.008633206598460674,0,0,0,0.0959294532627866,0.35382744669914246,0.8059991002082825,0.008653206349206348,5.8595578593667597e-05,0.0021102053578943014,0,0,0
78,4,7.215811485664384e-07,dfd6dd7e-a034-4ffa-86e6-b9761b906e16,/content/gdrive/MyDrive/ME Project/New idea/Results/Experiment 1/Heatmap loss/dfd6dd7e-a034-4ffa-86e6-b9761b906e16/Models/4,0.0020442234817892313,1,0.0019273464567959309,1,1,5000000,0.0020894594490528107,0.09726083950617284,0.11133065074682236,0.6821521520614624,0.008677587301587303,0.030150258913636208,0.02678617835044861,0,0,0,0.13719689594356263,0.39347386360168457,0.8507181406021118,0.008576451499118167,0.004532724153250456,0.0002222493349108845,0,0,0,0.18718831746031747,0.7575000524520874,0.9422800540924072,0.009270405643738976,0.008821658790111542,0.0024016499519348145,0,0,0,0.0959294532627866,0.49311065673828125,0.8359821438789368,0.008653206349206348,0.009663949720561504,0.0006782239652238786,0,0,0
79,1,5.094452942154273e-07,dfd6dd7e-a034-4ffa-86e6-b9761b906e16,/content/gdrive/MyDrive/ME Project/New idea/Results/Experiment 1/Heatmap loss/dfd6dd7e-a034-4ffa-86e6-b9761b906e16/Models/1,0.0052838437259197235,1,0.0047135078348219395,1,1,5000000,0.00465110270306468,0.09726083950617284,0.3884996473789215,0.8177141547203064,0.008677587301587303,0.013718901202082634,0.00037603365490213037,0,0,0,0.13719689594356263,0.29452642798423767,0.8526405096054077,0.008576451499118167,0.006894644349813461,7.82040151534602e-05,0,0,0,0.18718831746031747,0.5218818187713623,0.9495329856872559,0.009270405643738976,0.0019654594361782074,0.0015559169696643949,0,0,0,0.0959294532627866,0.6634920835494995,0.7688648700714111,0.008653206349206348,0.0006622332730330527,0.0005625176709145308,0,0,0
80,3,7.177715175575007e-07,dfd6dd7e-a034-4ffa-86e6-b9761b906e16,/content/gdrive/MyDrive/ME Project/New idea/Results/Experiment 1/Heatmap loss/dfd6dd7e-a034-4ffa-86e6-b9761b906e16/Models/3,0.002808926161378622,1,0.0024649195838719606,1,1,5000000,0.0024058425333350897,0.09726083950617284,0.7570093274116516,0.8297780156135559,0.008677587301587303,0.00036322124651633203,0.0002231076650787145,0,0,0,0.13719689594356263,0.4981232285499573,0.8613846898078918,0.008576451499118167,0.004023698624223471,0.00010232369822915643,0,0,0,0.18718831746031747,0.5744006633758545,0.7289246916770935,0.009270405643738976,0.0016126447590067983,0.0003653697785921395,0,0,0,0.0959294532627866,0.21624194085597992,0.8142049908638,0.008653206349206348,0.018665814772248268,0.0013415926368907094,0,0,0
106,3,1.159472926688677e-06,fa8b7f50-8ccb-4404-ac9f-ac8a39ee6b56,/content/gdrive/MyDrive/ME Project/New idea/Results/Experiment 2/Heatmap loss/fa8b7f50-8ccb-4404-ac9f-ac8a39ee6b56/Models/3,0.0006778657552786171,1,0.000680911005474627,1,1,5000000,0.0006861048168502748,0.07097662081128747,5.1059440011158586e-05,0.8580195307731628,0.0076804514991181665,0,2.838918078396091e-07,0.002816,0,5.731042862500146e-10,0.08975492063492063,0.5835443139076233,0.8667210936546326,0.007653361552028218,0.001488058129325509,1.7419621656245e-07,0.004164571428571428,2.50940161095059e-07,2.9878771101721213e-07,0.13683352380952382,0.6658502817153931,0.9531794190406799,0.008090412698412697,0,3.2224825474713725e-08,0.0027771428571428574,0.00021167364320717752,0,0.066567139329806,0.36225205659866333,0.834947943687439,0.007656522045855379,0.007525643799453974,9.434814387532242e-07,0.0033439999999999998,2.0035813286245485e-10,0
136,1,2.648563417713876e-06,a6a13b3e-c607-4d16-b205-c659f2ac96d8,/content/gdrive/MyDrive/ME Project/New idea/Results/Experiment 1/Heatmap loss/a6a13b3e-c607-4d16-b205-c659f2ac96d8/Models/1,0.0001742279127938673,1,0.0003691189631354064,0.9998999834060669,1,5000000,0.00016627484001219273,0.09726083950617284,0.5873645544052124,0.774064838886261,0.008677587301587303,6.131082500360208e-06,6.411715730791911e-05,0,0,0,0.13719689594356263,0.5327032208442688,0.8599139451980591,0.008576451499118167,0.0005975738749839365,1.3769414408670855e-06,0,0,0,0.18718831746031747,0.3657168447971344,0.9655521512031555,0.009270405643738976,7.153989827202167e-06,0.001208790810778737,0,0,0,0.0959294532627866,0.3620457947254181,0.8445250988006592,0.008653206349206348,0.002951761707663536,4.963433639204595e-06,0,0,0
137,5,1.8959797521605805e-06,a6a13b3e-c607-4d16-b205-c659f2ac96d8,/content/gdrive/MyDrive/ME Project/New idea/Results/Experiment 1/Heatmap loss/a6a13b3e-c607-4d16-b205-c659f2ac96d8/Models/5,0.0013130941661074758,1,0.0011464079143479466,1,1,5000000,0.0010912781581282616,0.09726083950617284,0.4149690568447113,0.643013596534729,0.008677587301587303,0.0206016656011343,0.032911866903305054,0,0,0,0.13719689594356263,0.26651498675346375,0.6086288690567017,0.008576451499118167,0.0030985046178102493,0.025172537192702293,0,0,0,0.18718831746031747,0.6481698751449585,0.9462822079658508,0.009270405643738976,0.002712780609726906,0.002634170465171337,0,0,0,0.0959294532627866,0.4979150891304016,0.8118001222610474,0.008653206349206348,0.0010424001375213265,0.00043244377593509853,0,0,0
138,0,5.885580648768939e-07,a6a13b3e-c607-4d16-b205-c659f2ac96d8,/content/gdrive/MyDrive/ME Project/New idea/Results/Experiment 1/Heatmap loss/a6a13b3e-c607-4d16-b205-c659f2ac96d8/Models/0,0.0043402728624641895,1,0.00426615821197629,1,1,5000000,0.004315467551350594,0.09726083950617284,0.14980222284793854,0.6507852673530579,0.008677587301587303,0.04904099553823471,0.027472836896777153,0,0,0,0.13719689594356263,0.7652320265769958,0.8509951233863831,0.008576451499118167,0.003707418916746974,0.00018641688802745193,0,0,0,0.18718831746031747,0.7612595558166504,0.862881064414978,0.009270405643738976,0.00034669277374632657,0.0005868693697266281,0,0,0,0.0959294532627866,0.35179874300956726,0.7717077732086182,0.008653206349206348,0.006826414261013269,0.0003148867981508374,0,0,0
139,7,1.9238241032697537e-06,a6a13b3e-c607-4d16-b205-c659f2ac96d8,/content/gdrive/MyDrive/ME Project/New idea/Results/Experiment 1/Heatmap loss/a6a13b3e-c607-4d16-b205-c659f2ac96d8/Models/7,0.0013827490620315075,1,0.0012583928182721138,1,1,5000000,0.0011689233360812068,0.09726083950617284,0.3758992552757263,0.6540018320083618,0.008677587301587303,0.02871103212237358,0.03079058788716793,0,0,0,0.13719689594356263,0.0643194243311882,0.6514666080474854,0.008576451499118167,0.06991754472255707,0.022376926615834236,0,0,0,0.18718831746031747,0.46721088886260986,0.88405442237854,0.009270405643738976,0.03459852561354637,0.008230931125581264,0,0,0,0.0959294532627866,0.4140052795410156,0.7678797841072083,0.008653206349206348,0.008572723716497421,0.0011566356988623738,0,0,0
122,1,5.598362879310243e-06,bf03205a-89bb-4192-a82b-a19ff42eccfd,/content/gdrive/MyDrive/ME Project/New idea/Results/Experiment 2/Heatmap loss/bf03205a-89bb-4192-a82b-a19ff42eccfd/Models/1,0.0001682774891378358,1,0.00016967396368272603,1,1,5000000,0.00017121619021054357,0.07097662081128747,0.36084869503974915,0.7933146953582764,0.0076804514991181665,0,0,0.002816,0,0,0.08975492063492063,0.48599979281425476,0.8671041131019592,0.007653361552028218,0.004215228371322155,0,0.004164571428571428,0,3.3581188745301915e-06,0.13683352380952382,0.8584587574005127,0.8871652483940125,0.008090412698412697,0,0,0.0027771428571428574,0,0,0.066567139329806,0.5275909900665283,0.8311424851417542,0.007656522045855379,0.004888550844043493,3.747517018926061e-10,0.0033439999999999998,0,0
56,1,9.662124590202251e-05,07d38239-87d5-47fd-b105-620d4606672a,/content/gdrive/MyDrive/ME Project/New idea/Results/Experiment 1/Normal loss/07d38239-87d5-47fd-b105-620d4606672a/Models/1,0.0004904287052340806,0.999666690826416,0.00013802685134578496,1,0.9998999834060669,5000000,0.0003248329448979348,0.09726083950617284,0.5976089239120483,0.13220353424549103,0.008677587301587303,0,0.0022008903324604034,0,0,0,0.13719689594356263,0.08454693108797073,0.22352167963981628,0.008576451499118167,0.0002634000265970826,0.003787206718698144,0,0,0,0.18718831746031747,0.7957944869995117,0.595116376876831,0.009270405643738976,0.007748653180897236,0.01601565256714821,0,0,0,0.0959294532627866,0.6140447854995728,0.18665343523025513,0.008653206349206348,0.004980042576789856,0.006619458086788654,0,0,0
124,7,3.946335578939208e-06,bf03205a-89bb-4192-a82b-a19ff42eccfd,/content/gdrive/MyDrive/ME Project/New idea/Results/Experiment 2/Heatmap loss/bf03205a-89bb-4192-a82b-a19ff42eccfd/Models/7,0.00032380741322413087,1,0.0003254151961300522,1,1,5000000,0.0003266046696808189,0.07097662081128747,0.45441898703575134,0.8503391742706299,0.0076804514991181665,0.005456897895783186,2.064082682551316e-09,0.002816,7.17661396265612e-06,0,0.08975492063492063,0.7349464893341064,0.8625408411026001,0.007653361552028218,0.000235855724895373,3.1418605885846773e-06,0.004164571428571428,3.014646032806212e-10,3.1284738688519553e-10,0.13683352380952382,0.6468801498413086,0.897995114326477,0.008090412698412697,7.916369213489816e-07,4.036214207303601e-08,0.0027771428571428574,0,0,0.066567139329806,0.5446107983589172,0.7819223403930664,0.007656522045855379,0.004279863089323044,1.5794077157238462e-08,0.0033439999999999998,0,0
142,3,1.2722441473432978e-06,a6a13b3e-c607-4d16-b205-c659f2ac96d8,/content/gdrive/MyDrive/ME Project/New idea/Results/Experiment 1/Heatmap loss/a6a13b3e-c607-4d16-b205-c659f2ac96d8/Models/3,0.004380624275654554,0.9993333220481873,0.004152052570134401,0.9995999932289124,0.9998999834060669,5000000,0.004167568404227495,0.09726083950617284,0.4241233766078949,0.6268096566200256,0.008677587301587303,0.021265437826514244,0.0358978807926178,0,0,0,0.13719689594356263,0.5408851504325867,0.8597453236579895,0.008576451499118167,0.0007530400180257857,0.00017921948165167123,0,0,0,0.18718831746031747,8.357883052667603e-05,0.9512330293655396,0.009270405643738976,0,0.0018508357461541891,0,0,0,0.0959294532627866,0.4969869554042816,0.5413029193878174,0.008653206349206348,0.010334804654121399,0.04617900401353836,0,0,0
126,0,8.404220734436268e-07,bf03205a-89bb-4192-a82b-a19ff42eccfd,/content/gdrive/MyDrive/ME Project/New idea/Results/Experiment 2/Heatmap loss/bf03205a-89bb-4192-a82b-a19ff42eccfd/Models/0,0.0016880286857485771,1,0.0016946031246334314,1,1,5000000,0.0017081749392673373,0.07097662081128747,0.2288726568222046,0.4362991154193878,0.0076804514991181665,0.005237574223428965,6.837687465122144e-07,0.002816,1.127841642301064e-05,8.47619030519553e-10,0.08975492063492063,0.4876873195171356,0.8604941368103027,0.007653361552028218,0.005840567871928215,8.014526429178659e-07,0.004164571428571428,1.2696297346792562e-09,6.640887590947386e-07,0.13683352380952382,0.6057941317558289,0.8686419129371643,0.008090412698412697,1.7098936950787902e-05,1.3962758060870328e-08,0.0027771428571428574,0,1.1306316594072996e-07,0.066567139329806,0.49428772926330566,0.7778699994087219,0.007656522045855379,5.993120794300921e-05,2.811617378029041e-06,0.0033439999999999998,2.293131501573953e-06,1.7718600892058234e-11
127,2,4.971060541833451e-05,bf03205a-89bb-4192-a82b-a19ff42eccfd,/content/gdrive/MyDrive/ME Project/New idea/Results/Experiment 2/Heatmap loss/bf03205a-89bb-4192-a82b-a19ff42eccfd/Models/2,NaN,0.25,NaN,0.25,0.25,5000000,NaN,0.07097662081128747,NaN,NaN,0.0076804514991181665,NaN,NaN,0.002816,NaN,NaN,0.08975492063492063,NaN,NaN,0.007653361552028218,NaN,NaN,0.004164571428571428,NaN,NaN,0.13683352380952382,NaN,NaN,0.008090412698412697,NaN,NaN,0.0027771428571428574,NaN,NaN,0.066567139329806,NaN,NaN,0.007656522045855379,NaN,NaN,0.0033439999999999998,NaN,NaN
123,3,2.2492812649481335e-06,bf03205a-89bb-4192-a82b-a19ff42eccfd,/content/gdrive/MyDrive/ME Project/New idea/Results/Experiment 2/Heatmap loss/bf03205a-89bb-4192-a82b-a19ff42eccfd/Models/3,8.207500650314614e-05,1,8.137970871757716e-05,1,1,5000000,8.169315697159618e-05,0.07097662081128747,NaN,0.79436856508255,0.0076804514991181665,NaN,0,0.002816,NaN,0,0.08975492063492063,0.4800586998462677,0.861175000667572,0.007653361552028218,0.010961019434034824,1.078342165783397e-06,0.004164571428571428,0,1.2319663511561885e-08,0.13683352380952382,0.6354191303253174,0.9296820163726807,0.008090412698412697,0,0,0.0027771428571428574,0,0,0.066567139329806,0.5566462278366089,0.8211115002632141,0.007656522045855379,0.010221634991466999,7.427335901866172e-08,0.0033439999999999998,0,0
57,7,0.0001,21545806-7d42-4332-a576-f8e15b1bfba6,/content/gdrive/MyDrive/ME Project/New idea/Results/Experiment 1/Normal loss/21545806-7d42-4332-a576-f8e15b1bfba6/Models/7,5.459347812575288e-05,1,2.4071387088042684e-05,1,0.9998999834060669,5000000,0.00014153261145111173,0.09726083950617284,0.005071418825536966,0.06598071753978729,0.008677587301587303,0,0.0019313019001856446,0,0,0,0.13719689594356263,0.13240773975849152,0.21063446998596191,0.008576451499118167,0.00068170070881024,0.0034320976119488478,0,0,0,0.18718831746031747,0.7663764357566833,0.5756171345710754,0.009270405643738976,0.00831636879593134,0.01720472425222397,0,0,0,0.0959294532627866,0.6763091683387756,0.2213342785835266,0.008653206349206348,0.0014575632521882653,0.007084803190082312,0,0,0
58,2,0.0001,21545806-7d42-4332-a576-f8e15b1bfba6,/content/gdrive/MyDrive/ME Project/New idea/Results/Experiment 1/Normal loss/21545806-7d42-4332-a576-f8e15b1bfba6/Models/2,6.358377868309617e-05,1,2.497604873497039e-05,1,1,5000000,4.818375236936845e-05,0.09726083950617284,0.023439379408955574,0.07650576531887054,0.008677587301587303,0,0.0023251266684383154,0,0,0,0.13719689594356263,0.11488023400306702,0.1696229875087738,0.008576451499118167,0.0012332951882854104,0.00272484146989882,0,0,0,0.18718831746031747,0.789412796497345,0.5796416997909546,0.009270405643738976,0.007356591057032347,0.01662728562951088,0,0,0,0.0959294532627866,0.6511858701705933,0.20586763322353363,0.008653206349206348,0.00227772886864841,0.003409615019336343,0,0,0
59,6,0.0001,21545806-7d42-4332-a576-f8e15b1bfba6,/content/gdrive/MyDrive/ME Project/New idea/Results/Experiment 1/Normal loss/21545806-7d42-4332-a576-f8e15b1bfba6/Models/6,6.736169598298147e-05,1,4.785343844559975e-05,1,1,5000000,7.860956975491717e-05,0.09726083950617284,4.2680469050537795e-05,0.1073436513543129,0.008677587301587303,0,0.0016061416827142239,0,0,0,0.13719689594356263,0.13137121498584747,0.21355994045734406,0.008576451499118167,0.0012634667800739408,0.0036532494705170393,0,0,0,0.18718831746031747,0.7503403425216675,0.5745910406112671,0.009270405643738976,0.008035367354750633,0.017145300284028053,0,0,0,0.0959294532627866,0.531131386756897,0.1955011785030365,0.008653206349206348,0.006388551089912653,0.005756072234362364,0,0,0
60,5,0.0001,21545806-7d42-4332-a576-f8e15b1bfba6,/content/gdrive/MyDrive/ME Project/New idea/Results/Experiment 1/Normal loss/21545806-7d42-4332-a576-f8e15b1bfba6/Models/5,7.770700904075056e-05,1,3.307450970169157e-05,1,1,5000000,8.988366607809439e-05,0.09726083950617284,0,0.09953068941831589,0.008677587301587303,0,0.0017267133807763457,0,0,0,0.13719689594356263,0.1648002415895462,0.2147277295589447,0.008576451499118167,0.002923692809417844,0.004152361303567886,0,0,0,0.18718831746031747,0.7630916237831116,0.5739961862564087,0.009270405643738976,0.0075112697668373585,0.015067544765770435,0,0,0,0.0959294532627866,0.5859066843986511,0.19189375638961792,0.008653206349206348,0.006165291182696819,0.00646915752440691,0,0,0
51,3,0.0006720578860856753,07d38239-87d5-47fd-b105-620d4606672a,/content/gdrive/MyDrive/ME Project/New idea/Results/Experiment 1/Normal loss/07d38239-87d5-47fd-b105-620d4606672a/Models/3,1.5424742741743103e-05,1,6.568831395270536e-06,1,1,5000000,3.6277906474424526e-05,0.09726083950617284,0.0006476544658653438,0.057835351675748825,0.008677587301587303,1.7010152078000829e-06,0.000796928652562201,0,0,0,0.13719689594356263,0.08713620156049728,0.19084979593753815,0.008576451499118167,0.003686683950945735,0.005116471089422703,0,0,0,0.18718831746031747,0.6472415328025818,0.5705340504646301,0.009270405643738976,0.011650855652987957,0.014106501825153828,0,0,0,0.0959294532627866,0.3529717028141022,0.16440609097480774,0.008653206349206348,0.009224088862538338,0.005647601094096899,0,0,0
53,7,0.0006855055312766697,07d38239-87d5-47fd-b105-620d4606672a,/content/gdrive/MyDrive/ME Project/New idea/Results/Experiment 1/Normal loss/07d38239-87d5-47fd-b105-620d4606672a/Models/7,1.8581960830488242e-05,1,0.00012526258069556206,0.9998999834060669,1,5000000,3.718486914294772e-05,0.09726083950617284,0.004598654340952635,0.10208414494991302,0.008677587301587303,0.010403124615550041,0.002242150017991662,0,0,0,0.13719689594356263,0.0838836207985878,0.19181129336357117,0.008576451499118167,0.0008494897047057748,0.003044756827875972,0,0,0,0.18718831746031747,0.5437708497047424,0.47741228342056274,0.009270405643738976,0.008043836802244186,0.015254764817655087,0,0,0,0.0959294532627866,0.49330615997314453,0.19854581356048584,0.008653206349206348,0.00683341221883893,0.0052023995667696,0,0,0
135,2,4.442131795696939e-06,fa65f80e-785a-4cb8-92d0-12c2caf69970,/content/gdrive/MyDrive/ME Project/New idea/Results/Experiment 2/Heatmap loss/fa65f80e-785a-4cb8-92d0-12c2caf69970/Models/2,2.897528886795044,0.75,2.892071485519409,0.75,0.75,5000000,2.8973164558410645,0.07097662081128747,0.2662763297557831,0.8642114996910095,0.0076804514991181665,0.005600364878773689,9.122212674128605e-08,0.002816,0.00010355807899031788,0,0.08975492063492063,0.6116217970848083,0.8694772720336914,0.007653361552028218,0.004124720115214586,3.3487537187681937e-09,0.004164571428571428,0,0,0.13683352380952382,0.6578949093818665,0.694891631603241,0.008090412698412697,1.1265957482464728e-06,0,0.0027771428571428574,0,2.6601899502654014e-11,0.066567139329806,0.5969515442848206,0.7672192454338074,0.007656522045855379,0.008390677161514759,1.5811362885642666e-08,0.0033439999999999998,0.0012803281424567103,0
108,0,7.2678413548354e-05,d329df7e-2e60-451e-930a-ed476993674d,/content/gdrive/MyDrive/ME Project/New idea/Results/Experiment 2/Normal loss/d329df7e-2e60-451e-930a-ed476993674d/Models/0,1.2137493854424974e-07,1,1.1940599620174908e-07,1,1,5000000,1.197755494786179e-07,0.07097662081128747,NaN,0.09873111546039581,0.0076804514991181665,NaN,0.003232708666473627,0.002816,NaN,0.00010999419464496896,0.08975492063492063,0.5940248370170593,0.1756432205438614,0.007653361552028218,0.0013119319919496775,0.004885250236839056,0.004164571428571428,0,0.00011901994002982974,0.13683352380952382,0.749257504940033,0.4632033705711365,0.008090412698412697,0,0.0014860456576570868,0.0027771428571428574,0,5.2157300700628184e-08,0.066567139329806,0.5233725905418396,0.2543007433414459,0.007656522045855379,0,0.0012105584610253572,0.0033439999999999998,0,8.237956450329875e-08
116,5,5.492017977409053e-05,cc2ce844-d29a-4531-854f-ad103eed43d5,/content/gdrive/MyDrive/ME Project/New idea/Results/Experiment 2/Normal loss/cc2ce844-d29a-4531-854f-ad103eed43d5/Models/5,1.21474272418709e-07,1,1.1981727254806174e-07,1,1,5000000,1.2047887310018268e-07,0.07097662081128747,NaN,0.09846144914627075,0.0076804514991181665,NaN,0.0034839585423469543,0.002816,NaN,2.0517554730759002e-05,0.08975492063492063,0.5336291790008545,0.18607786297798157,0.007653361552028218,0.0029617068357765675,0.010356701910495758,0.004164571428571428,0,0.00011191605153726414,0.13683352380952382,0.8053260445594788,0.47137296199798584,0.008090412698412697,0,0.0011332262074574828,0.0027771428571428574,0,2.6442412703886475e-08,0.066567139329806,0.5328660607337952,0.25906845927238464,0.007656522045855379,0,0.002040293999016285,0.0033439999999999998,0,9.577866677545899e-08
86,2,0.0009983356537962363,ffb860e1-c800-4c4a-b57f-215c5488c231,/content/gdrive/MyDrive/ME Project/New idea/Results/Experiment 2/Normal loss/ffb860e1-c800-4c4a-b57f-215c5488c231/Models/2,2.9561948622358614e-07,1,1.8719569538916403e-07,1,1,5000000,4.2723141291389766e-07,0.07097662081128747,NaN,NaN,0.0076804514991181665,NaN,NaN,0.002816,NaN,NaN,0.08975492063492063,0.8171412348747253,0.20549844205379486,0.007653361552028218,0.00020036350178997964,0.0036201828625053167,0.004164571428571428,0,0.00011891675239894539,0.13683352380952382,0.5512064695358276,0.37750044465065,0.008090412698412697,0.0009221805376000702,0.007066511549055576,0.0027771428571428574,0,3.145654545733123e-06,0.066567139329806,0.49614185094833374,0.246346578001976,0.007656522045855379,2.4056578695308417e-05,0.001429931609891355,0.0033439999999999998,0,6.143371678035692e-08
61,3,0.0001,21545806-7d42-4332-a576-f8e15b1bfba6,/content/gdrive/MyDrive/ME Project/New idea/Results/Experiment 1/Normal loss/21545806-7d42-4332-a576-f8e15b1bfba6/Models/3,0.00015715793415438384,1,0.00023028049326967448,1,0.9998999834060669,5000000,0.00046311772894114256,0.09726083950617284,0,0.06982667744159698,0.008677587301587303,0,0.0024041004944592714,0,0,0,0.13719689594356263,0.17110072076320648,0.23239865899085999,0.008576451499118167,0.0027699165511876345,0.004418093711137772,0,0,0,0.18718831746031747,0.7885206937789917,0.5782954096794128,0.009270405643738976,0.007051820866763592,0.017283573746681213,0,0,0,0.0959294532627866,0.7139133214950562,0.2329590767621994,0.008653206349206348,0.0007399632595479488,0.00480595463886857,0,0,0
90,0,0.0007341867777066975,93c33f91-96d3-450c-8254-2529b2370f10,/content/gdrive/MyDrive/ME Project/New idea/Results/Experiment 2/Normal loss/93c33f91-96d3-450c-8254-2529b2370f10/Models/0,1.1926890408631152e-07,1,1.1920930376163597e-07,1,1,5000000,1.1966825752551813e-07,0.07097662081128747,NaN,0.12650270760059357,0.0076804514991181665,NaN,0.0018722210079431534,0.002816,NaN,1.3662986020790413e-05,0.08975492063492063,0.47559961676597595,0.17245297133922577,0.007653361552028218,0.008353174664080143,0.010141395963728428,0.004164571428571428,0,0.0006710373563691974,0.13683352380952382,0.7168837189674377,0.4610264301300049,0.008090412698412697,0,0.002385789295658469,0.0027771428571428574,0,8.446735591860488e-06,0.066567139329806,0.4828554093837738,0.26456788182258606,0.007656522045855379,0,0.0016374037368223071,0.0033439999999999998,0,6.73930173888948e-08
62,4,0.0001,21545806-7d42-4332-a576-f8e15b1bfba6,/content/gdrive/MyDrive/ME Project/New idea/Results/Experiment 1/Normal loss/21545806-7d42-4332-a576-f8e15b1bfba6/Models/4,0.00016639157547615469,1,6.1504848417826e-05,1,1,5000000,0.00015169712423812598,0.09726083950617284,NaN,0.09351839870214462,0.008677587301587303,NaN,0.002921567065641284,0,NaN,0,0.13719689594356263,0.23910784721374512,0.16953417658805847,0.008576451499118167,0.004412779584527016,0.003721053246408701,0,0,0,0.18718831746031747,0.8029584288597107,0.5693946480751038,0.009270405643738976,0.007199492305517197,0.01493837870657444,0,0,0,0.0959294532627866,0.592331051826477,0.20485585927963257,0.008653206349206348,0.004161409102380276,0.0072479951195418835,0,0,0
92,5,0.0003430752079707482,93c33f91-96d3-450c-8254-2529b2370f10,/content/gdrive/MyDrive/ME Project/New idea/Results/Experiment 2/Normal loss/93c33f91-96d3-450c-8254-2529b2370f10/Models/5,1.197457351054254e-07,1,1.1996031901162496e-07,1,1,5000000,1.2112261060792662e-07,0.07097662081128747,NaN,0.11383664608001709,0.0076804514991181665,NaN,0.003759409300982952,0.002816,NaN,2.5443143385928124e-05,0.08975492063492063,0.5343838930130005,0.19302114844322205,0.007653361552028218,0.009115449152886868,0.015512971207499504,0.004164571428571428,0,0.00011884349805768579,0.13683352380952382,0.7698930501937866,0.4583386778831482,0.008090412698412697,0,0.0007901543867774308,0.0027771428571428574,0,3.946860199777191e-11,0.066567139329806,0.5906695127487183,0.23825520277023315,0.007656522045855379,0,0.0018874731613323092,0.0033439999999999998,0,6.215363157480169e-08
63,1,4.0775890170579015e-05,21545806-7d42-4332-a576-f8e15b1bfba6,/content/gdrive/MyDrive/ME Project/New idea/Results/Experiment 1/Normal loss/21545806-7d42-4332-a576-f8e15b1bfba6/Models/1,0.0007308943895623088,0.999666690826416,0.0004511823644861579,1,0.9998000264167786,5000000,0.000722545082680881,0.09726083950617284,0.01271756086498499,0.08081500232219696,0.008677587301587303,0.06747438758611679,0.003261927515268326,0,0,0,0.13719689594356263,0.2578658163547516,0.18813356757164001,0.008576451499118167,0.002192654414102435,0.003274122253060341,0,0,0,0.18718831746031747,0.7967572808265686,0.5912171006202698,0.009270405643738976,0.008359740488231182,0.014710662886500359,0,0,0,0.0959294532627866,0.643878698348999,0.22023190557956696,0.008653206349206348,0.002648659748956561,0.005268148612231016,0,0,0
64,0,1.6602463097514256e-05,21545806-7d42-4332-a576-f8e15b1bfba6,/content/gdrive/MyDrive/ME Project/New idea/Results/Experiment 1/Normal loss/21545806-7d42-4332-a576-f8e15b1bfba6/Models/0,0.001416410319507122,1,0.0013102814555168152,1,1,5000000,0.0012843606527894735,0.09726083950617284,NaN,0.08993058651685715,0.008677587301587303,NaN,0.002471555257216096,0,NaN,0,0.13719689594356263,0.34424349665641785,0.23875415325164795,0.008576451499118167,0.0071015870198607445,0.00630012946203351,0,0,0,0.18718831746031747,0.8012523651123047,0.5774770379066467,0.009270405643738976,0.002383401384577155,0.018248330801725388,0,0,0,0.0959294532627866,0.7855396270751953,0.2391757071018219,0.008653206349206348,0.00027376122307032347,0.009272493422031403,0,0,0
55,2,0.001,07d38239-87d5-47fd-b105-620d4606672a,/content/gdrive/MyDrive/ME Project/New idea/Results/Experiment 1/Normal loss/07d38239-87d5-47fd-b105-620d4606672a/Models/2,3.840353019768372e-05,1,0.0001699619460850954,0.9998999834060669,0.9998000264167786,5000000,0.0006785242585465312,0.09726083950617284,5.454204074339941e-05,0.016470754519104958,0.008677587301587303,0.00029621925204992294,0.0006818939582444727,0,0,0,0.13719689594356263,0.20470181107521057,0.20387054979801178,0.008576451499118167,0.007264296989887953,0.00502850441262126,0,0,0,0.18718831746031747,0.31335723400115967,0.31623998284339905,0.009270405643738976,0.008445014245808125,0.01071171648800373,0,0,0,0.0959294532627866,0.6363565325737,0.10721699148416519,0.008653206349206348,0.0017790223937481642,0.0029414708260446787,0,0,0
145,0,5e-05,0c1420a1-af54-4101-9182-e741fe936b72,/content/gdrive/MyDrive/ME Project/New idea/Results/Experiment 1/Normal loss/0c1420a1-af54-4101-9182-e741fe936b72/Models/0,0.00031379409483633935,1,0.0002738890761975199,1,1,5000000,0.0003208339330740273,0.09726083950617284,NaN,0.11476064473390579,0.008677587301587303,NaN,0.0029448179993778467,0,NaN,0,0.13719689594356263,0.1627945899963379,0.22033745050430298,0.008576451499118167,0.0015978653682395816,0.004732649307698011,0,0,0,0.18718831746031747,0.7565975785255432,0.6038483381271362,0.009270405643738976,0.008038199506700039,0.013675501570105553,0,0,0,0.0959294532627866,0.6412966847419739,0.20125947892665863,0.008653206349206348,0.0020386618562042713,0.004694297444075346,0,0,0
